id, 669, name, Lake
id, 636, name, Karolina Dean
_direction,bi,_label,worked,hours,5,date,7/21/2009
id, 1473, name, Yellowjacket (Rita DeMara)
id, 256, name, Crimson Crusader
_direction,bi,_label,worked,hours,6,date,1/13/1994
id, 1260, name, Talos
id, 100, name, Ben Grimm
_direction,out,_label,worked,hours,5,date,11/5/2005
id, 304, name, Deathcry
id, 309, name, Deena Pilgrim
_direction,bi,_label,battled,hours,7,date,9/11/2001
id, 507, name, Henry Peter Gyrich
id, 754, name, Man-Wolf
_direction,out,_label,battled,hours,3,date,7/15/1988
id, 1268, name, Tenebrous
id, 1024, name, Red Wolf
_direction,in,_label,worked,hours,5,date,6/12/1992
id, 1057, name, Runaways
id, 409, name, Forearm
_direction,in,_label,battled,hours,3,date,4/8/2000
id, 156, name, Boomer
id, 129, name, Black Widow (Ultimate)
_direction,bi,_label,worked,hours,1,date,10/28/1980
id, 387, name, Fallen One
id, 425, name, Gamma Corps
_direction,out,_label,worked,hours,3,date,10/6/1989
id, 1285, name, The Howling Commandos
id, 603, name, Jeryn Hogarth
_direction,out,_label,worked,hours,3,date,4/4/1981
id, 300, name, Deadpool (LEGO Marvel Super Heroes)
id, 1304, name, Thing (Ultimate)
_direction,bi,_label,battled,hours,8,date,1/29/2014
id, 704, name, Loners
id, 1152, name, Skreet
_direction,out,_label,battled,hours,7,date,8/9/1989
id, 556, name, Impossible Man
id, 396, name, Feral
_direction,out,_label,worked,hours,2,date,2/2/1993
id, 887, name, Nick Fury (LEGO Marvel Super Heroes)
id, 633, name, Karen Page
_direction,bi,_label,battled,hours,8,date,2/20/1983
id, 740, name, Maginty
id, 314, name, Deviants
_direction,out,_label,battled,hours,3,date,10/14/1980
id, 721, name, M.O.D.O.K. (Iron Man 3 - The Official Game)
id, 442, name, Ghost Rider (Johnny Blaze)
_direction,in,_label,battled,hours,8,date,11/9/2015
id, 1291, name, The Order
id, 1373, name, Vanisher (Age of Apocalypse)
_direction,bi,_label,worked,hours,6,date,4/13/1993
id, 1372, name, Vance Astro
id, 605, name, Jessica Jones
_direction,in,_label,battled,hours,5,date,7/23/1988
id, 372, name, Ender Wiggin
id, 479, name, Hairball
_direction,out,_label,battled,hours,6,date,6/6/1985
id, 779, name, Masters of Evil
id, 1389, name, Victor Von Doom
_direction,in,_label,worked,hours,2,date,1/18/1995
id, 588, name, Jack O' Lantern
id, 871, name, Namorita
_direction,in,_label,battled,hours,2,date,10/26/2003
id, 463, name, Green Goblin (Harry Osborn)
id, 1375, name, Vanisher (Ultimate)
_direction,bi,_label,worked,hours,6,date,6/20/1981
id, 70, name, Arsenic
id, 317, name, Devos
_direction,bi,_label,worked,hours,5,date,6/15/2009
id, 685, name, Lightning Lords of Nepal
id, 511, name, Hex
_direction,in,_label,battled,hours,3,date,8/1/2008
id, 1411, name, Warlock (Janie Chin)
id, 741, name, Magma (Amara Aquilla)
_direction,in,_label,worked,hours,4,date,2/2/1999
id, 814, name, Miss America
id, 854, name, Mr. Negative
_direction,in,_label,battled,hours,4,date,3/24/1982
id, 326, name, Doctor Faustus
id, 1071, name, Saracen (Muzzafar Lambert)
_direction,bi,_label,battled,hours,8,date,9/24/1991
id, 725, name, Machine Man
id, 1466, name, X-Men (Ultimate)
_direction,in,_label,battled,hours,5,date,9/9/2007
id, 1175, name, Spider-dok
id, 1318, name, Thunderbolts
_direction,bi,_label,worked,hours,7,date,2/23/1988
id, 1421, name, Wendell Vaughn
id, 446, name, Giant-dok
_direction,out,_label,worked,hours,7,date,11/29/1981
id, 978, name, Psylocke
id, 875, name, Nehzno
_direction,out,_label,battled,hours,5,date,2/2/1985
id, 471, name, Guardians of the Galaxy
id, 634, name, Karma
_direction,bi,_label,battled,hours,3,date,2/15/2012
id, 575, name, Iron Man (Iron Man 3 - The Official Game)
id, 1138, name, Silver Sable
_direction,bi,_label,battled,hours,2,date,2/28/2008
id, 85, name, Baron Zemo (Helmut Zemo)
id, 1234, name, Sue Storm
_direction,bi,_label,battled,hours,6,date,7/22/1984
id, 188, name, Captain America (LEGO Marvel Super Heroes)
id, 820, name, Misty Knight
_direction,out,_label,worked,hours,1,date,3/29/1989
id, 573, name, Iron Lad
id, 690, name, Lily Hollister
_direction,in,_label,worked,hours,8,date,8/19/1992
id, 585, name, J. Jonah Jameson
id, 1255, name, T'Challa
_direction,bi,_label,battled,hours,6,date,5/10/1995
id, 909, name, Nova (Sam Alexander)
id, 635, name, Karnak
_direction,out,_label,worked,hours,4,date,3/13/1997
id, 1212, name, Starjammers
id, 349, name, Dum Dum Dugan
_direction,out,_label,battled,hours,5,date,5/18/1996
id, 1153, name, Skrulls
id, 1396, name, Vivisector
_direction,bi,_label,battled,hours,6,date,10/24/1999
id, 724, name, Mach IV
id, 1014, name, Reavers (Ultimate)
_direction,bi,_label,worked,hours,1,date,6/18/2013
id, 1229, name, Stranger
id, 819, name, Mister Sinister (Ultimate)
_direction,in,_label,worked,hours,4,date,8/29/1996
id, 1317, name, Thunderbolt Ross
id, 538, name, Human Torch (Jim Hammond)
_direction,bi,_label,worked,hours,1,date,5/21/1992
id, 977, name, Psycho-Man
id, 1038, name, Robbie Robertson
_direction,bi,_label,battled,hours,4,date,12/29/1995
id, 1044, name, Rockslide
id, 1448, name, Wolverine (Marvel War of Heroes)
_direction,bi,_label,worked,hours,1,date,9/11/1995
id, 950, name, Piledriver
id, 771, name, Mary Jane Watson
_direction,out,_label,battled,hours,7,date,7/15/1989
id, 890, name, Nicolaos
id, 1215, name, Steel Serpent (Davos)
_direction,bi,_label,worked,hours,8,date,3/24/2011
id, 28, name, Alexander Pierce
id, 941, name, Pet Avengers
_direction,in,_label,battled,hours,8,date,3/31/1990
id, 564, name, Invisible Woman (Marvel: Avengers Alliance)
id, 1025, name, Redwing
_direction,bi,_label,worked,hours,7,date,9/16/2002
id, 569, name, Iron Fist (Orson Randall)
id, 621, name, Jubilee
_direction,bi,_label,battled,hours,4,date,4/17/1993
id, 237, name, Clea (Ultimate)
id, 189, name, Captain America (Marvel War of Heroes)
_direction,in,_label,battled,hours,2,date,7/18/1988
id, 891, name, Night Nurse (Earth-9997)
id, 1470, name, Xavin
_direction,in,_label,worked,hours,8,date,10/31/2013
id, 141, name, Blob (Ultimate)
id, 845, name, Mother Askani
_direction,in,_label,worked,hours,2,date,1/1/2002
id, 641, name, Khan
id, 972, name, Proteus (House of M)
_direction,bi,_label,battled,hours,4,date,11/26/1995
id, 912, name, Obadiah Stane
id, 378, name, Excalibur
_direction,bi,_label,worked,hours,7,date,11/18/2015
id, 155, name, Boom Boom
id, 1337, name, Triathlon
_direction,out,_label,battled,hours,8,date,4/22/2007
id, 928, name, Overlord
id, 1415, name, Warstar
_direction,bi,_label,battled,hours,8,date,6/25/1982
id, 702, name, Loki
id, 310, name, Defenders
_direction,bi,_label,battled,hours,4,date,11/23/2009
id, 1472, name, Yellow Claw
id, 1236, name, Sumo
_direction,in,_label,battled,hours,1,date,7/25/2012
id, 1276, name, The Anarchist
id, 390, name, Fantastic Four (Ultimate)
_direction,out,_label,battled,hours,7,date,5/28/2006
id, 540, name, Humbug
id, 420, name, Frog-Man
_direction,in,_label,battled,hours,7,date,9/25/1985
id, 624, name, Jule Carpenter
id, 615, name, Johnny Blaze
_direction,in,_label,worked,hours,8,date,8/8/2015
id, 25, name, Alex Power
id, 38, name, Amiko
_direction,out,_label,battled,hours,1,date,4/19/2003
id, 258, name, Crimson Dynamo (Iron Man 3 - The Official Game)
id, 804, name, Microchip
_direction,in,_label,battled,hours,4,date,5/24/2007
id, 791, name, Meltdown
id, 813, name, Miracleman
_direction,in,_label,battled,hours,5,date,5/29/2011
id, 1233, name, Sub-Mariner
id, 429, name, Gargoyle (Yuri Topolov)
_direction,out,_label,worked,hours,8,date,12/2/2005
id, 578, name, Iron Man (Marvel War of Heroes)
id, 1070, name, Santa Claus
_direction,bi,_label,worked,hours,7,date,3/2/1980
id, 1157, name, Slayback
id, 1467, name, X-Ray (James Darnell)
_direction,in,_label,battled,hours,3,date,5/23/2002
id, 1169, name, Spectrum
id, 488, name, Harpoon
_direction,bi,_label,battled,hours,8,date,12/2/1990
id, 835, name, Moon Knight (Ultimate)
id, 1218, name, Stephanie de la Spiroza
_direction,in,_label,battled,hours,8,date,10/8/2006
id, 840, name, Morg
id, 1321, name, Tiger's Beautiful Daughter
_direction,bi,_label,worked,hours,5,date,9/23/1990
id, 481, name, Hammerhead
id, 324, name, Doctor Doom
_direction,out,_label,battled,hours,8,date,6/29/2015
id, 559, name, Infant Terrible
id, 730, name, Maddog
_direction,out,_label,worked,hours,4,date,1/2/2003
id, 443, name, Ghost Rider (Marvel War of Heroes)
id, 368, name, Empath
_direction,bi,_label,worked,hours,3,date,11/7/2015
id, 805, name, Micromax
id, 466, name, Grey Gargoyle
_direction,out,_label,worked,hours,1,date,8/24/2015
id, 1083, name, Scorpion (Carmilla Black)
id, 137, name, Blindfold
_direction,out,_label,battled,hours,6,date,7/20/2007
id, 1283, name, The Hand
id, 1089, name, Sebastian Shaw
_direction,out,_label,battled,hours,5,date,2/14/2006
id, 1104, name, Shadu the Shady
id, 709, name, Lords of Avalon
_direction,out,_label,battled,hours,8,date,8/30/2003
id, 248, name, Contessa (Vera Vidal)
id, 106, name, Betty Brant
_direction,bi,_label,worked,hours,6,date,5/29/2008
id, 747, name, Magus (Adam Warlock)
id, 806, name, Midnight (Earth-811)
_direction,in,_label,battled,hours,3,date,12/15/1993
id, 873, name, Natasha Romanoff
id, 658, name, Kree
_direction,bi,_label,worked,hours,4,date,9/3/2007
id, 987, name, Punisher (Marvel: Avengers Alliance)
id, 6, name, Abomination (Ultimate)
_direction,bi,_label,battled,hours,7,date,8/25/2001
id, 1142, name, Silverclaw
id, 600, name, Jean Grey
_direction,bi,_label,battled,hours,2,date,4/22/1981
id, 574, name, Iron Man
id, 737, name, Maggott
_direction,in,_label,worked,hours,4,date,9/4/1987
id, 1084, name, Scorpion (Ultimate)
id, 927, name, Outlaw Kid
_direction,in,_label,worked,hours,3,date,11/8/1997
id, 613, name, John Porter
id, 426, name, Gamora
_direction,out,_label,worked,hours,6,date,6/18/1990
id, 904, name, Norman Osborn
id, 888, name, Nick Fury (Ultimate)
_direction,out,_label,worked,hours,5,date,12/18/1996
id, 727, name, Madame Hydra
id, 1303, name, Thing (Marvel Heroes)
_direction,bi,_label,worked,hours,2,date,8/17/2015
id, 865, name, Mystique
id, 198, name, Captain Marvel (Genis-Vell)
_direction,in,_label,battled,hours,1,date,12/3/2006
id, 1298, name, The Stranger
id, 683, name, Lieutenant Marcus Stone
_direction,out,_label,battled,hours,6,date,5/20/1992
id, 313, name, Detective Soap
id, 33, name, Alvin Maker
_direction,bi,_label,battled,hours,7,date,4/9/1980
id, 294, name, Dazzler
id, 934, name, Paper Doll
_direction,out,_label,battled,hours,3,date,10/28/2002
id, 15, name, Agent Zero
id, 241, name, Cobalt Man
_direction,bi,_label,battled,hours,1,date,12/24/1997
id, 69, name, Arnim Zola
id, 1173, name, Spencer Smythe
_direction,out,_label,worked,hours,2,date,2/4/1981
id, 490, name, Harry Heck
id, 1196, name, Spirit
_direction,out,_label,worked,hours,2,date,9/16/1989
id, 1328, name, Toad Men
id, 267, name, Cuthbert
_direction,out,_label,battled,hours,8,date,3/19/1993
id, 1161, name, Slyde
id, 618, name, Joshua Kane
_direction,in,_label,battled,hours,1,date,8/14/2014
id, 1125, name, Shinobi Shaw
id, 1247, name, Susan Delgado
_direction,in,_label,battled,hours,3,date,6/24/2000
id, 528, name, Hulk (Marvel Zombies)
id, 1238, name, Sunfire (Age of Apocalypse)
_direction,in,_label,worked,hours,7,date,7/10/1989
id, 1050, name, Roland Deschain
id, 152, name, Blue Shield
_direction,in,_label,worked,hours,8,date,2/18/1999
id, 74, name, Asylum
id, 554, name, Imperfects
_direction,out,_label,battled,hours,3,date,12/1/2005
id, 453, name, Glorian
id, 981, name, Puck (Zuzha Yu)
_direction,in,_label,worked,hours,7,date,3/20/1980
id, 609, name, Joan the Mouse
id, 698, name, Loa
_direction,bi,_label,battled,hours,1,date,1/29/1997
id, 1366, name, Unus (House of M)
id, 546, name, Hypno-Hustler
_direction,out,_label,worked,hours,1,date,12/20/1982
id, 45, name, Angel (Ultimate)
id, 110, name, Big Bertha
_direction,bi,_label,worked,hours,2,date,3/9/1991
id, 292, name, Darkstar
id, 1264, name, Taskmaster
_direction,out,_label,worked,hours,7,date,9/17/2006
id, 402, name, Firestar
id, 192, name, Captain America/Steve Rogers (MAA)
_direction,in,_label,worked,hours,3,date,2/13/1991
id, 521, name, Holy
id, 627, name, Justice
_direction,out,_label,battled,hours,5,date,3/28/1993
id, 1251, name, Swordsman
id, 839, name, Mordo
_direction,out,_label,battled,hours,1,date,6/15/1995
id, 478, name, H.E.R.B.I.E.
id, 688, name, Lilandra
_direction,in,_label,worked,hours,5,date,5/2/2013
id, 1297, name, The Spike
id, 748, name, Magus (Technarch)
_direction,bi,_label,battled,hours,2,date,12/31/2010
id, 405, name, Flatman
id, 1009, name, Ravenous
_direction,in,_label,battled,hours,2,date,7/16/1983
id, 1397, name, Vulcan (Gabriel Summers)
id, 325, name, Doctor Doom (Ultimate)
_direction,bi,_label,battled,hours,7,date,10/23/2000
id, 191, name, Captain America (Ultimate)
id, 1319, name, Thundra
_direction,bi,_label,worked,hours,5,date,12/18/2003
id, 75, name, Atlas (Team)
id, 1060, name, Sabra
_direction,in,_label,battled,hours,2,date,7/17/2007
id, 518, name, Hobgoblin (Robin Borne)
id, 921, name, Onslaught (Ultimate)
_direction,bi,_label,battled,hours,2,date,6/17/1993
id, 382, name, Ezekiel
id, 1414, name, Warren Worthington III
_direction,bi,_label,worked,hours,3,date,11/17/2013
id, 1381, name, Venom (Flash Thompson)
id, 1108, name, Shang-Chi
_direction,out,_label,battled,hours,5,date,12/28/2015
id, 1363, name, Union Jack (Montgomery Falsworth)
id, 1135, name, Silk Fever
_direction,in,_label,worked,hours,6,date,4/25/2009
id, 427, name, Gamora (Marvel War of Heroes)
id, 1019, name, Red Hulk (HAS)
_direction,in,_label,worked,hours,3,date,7/3/2004
id, 331, name, Doctor Strange (Ultimate)
id, 311, name, Demogoblin
_direction,out,_label,battled,hours,7,date,3/1/1988
id, 179, name, Caliban
id, 947, name, Phil Sheldon
_direction,bi,_label,worked,hours,8,date,4/2/1992
id, 863, name, Mysterio (Daniel Berkhart)
id, 364, name, Elixir
_direction,in,_label,battled,hours,8,date,9/27/2002
id, 892, name, Night Thrasher
id, 808, name, Mikhail Rasputin
_direction,out,_label,battled,hours,8,date,6/13/1985
id, 968, name, Professor Monster
id, 474, name, GW Bridge
_direction,out,_label,battled,hours,2,date,8/12/1985
id, 451, name, Gladiator (Melvin Potter)
id, 637, name, Kat Farrell
_direction,in,_label,battled,hours,3,date,12/15/2011
id, 1093, name, Sentinel
id, 632, name, Karen O'Malley
_direction,bi,_label,worked,hours,3,date,4/29/1996
id, 526, name, Hulk (HAS)
id, 99, name, Beetle (Abner Jenkins)
_direction,out,_label,battled,hours,2,date,9/24/2004
id, 952, name, Pixie
id, 322, name, Dirk Anger
_direction,out,_label,worked,hours,8,date,12/26/2014
id, 344, name, Dragon Man
id, 460, name, Gravity
_direction,in,_label,battled,hours,1,date,1/31/2002
id, 125, name, Black Tarantula
id, 551, name, Illuminati
_direction,out,_label,worked,hours,5,date,6/26/2013
id, 1136, name, Silver Centurion
id, 967, name, Proemial Gods
_direction,in,_label,worked,hours,6,date,9/29/2015
id, 1258, name, Talkback (Chase Stein)
id, 959, name, Preak
_direction,in,_label,worked,hours,3,date,11/12/2007
id, 944, name, Peter Quill
id, 161, name, Brood
_direction,out,_label,battled,hours,3,date,1/26/1982
id, 298, name, Deadpool
id, 42, name, Ancient One
_direction,out,_label,battled,hours,5,date,12/26/1993
id, 1087, name, Scream (Donna Diego)
id, 798, name, Mesmero
_direction,out,_label,battled,hours,7,date,12/3/2014
id, 503, name, Hellfire Club (Ultimate)
id, 1340, name, True Believers
_direction,bi,_label,worked,hours,1,date,8/28/1985
id, 980, name, Puck
id, 680, name, Leper Queen
_direction,bi,_label,worked,hours,7,date,4/21/1997
id, 686, name, Lightspeed
id, 102, name, Ben Reilly
_direction,in,_label,battled,hours,4,date,6/23/1991
id, 1240, name, Sunspot
id, 1155, name, Skullbuster (Cylla Markham)
_direction,in,_label,battled,hours,7,date,8/14/1989
id, 1123, name, Shi'Ar
id, 760, name, Marauders
_direction,in,_label,worked,hours,4,date,4/19/1983
id, 1072, name, Sasquatch (Walter Langkowski)
id, 1241, name, Super Hero Squad
_direction,out,_label,worked,hours,3,date,5/12/2005
id, 202, name, Captain Midlands
id, 341, name, Dr. Strange (Marvel: Avengers Alliance)
_direction,bi,_label,battled,hours,8,date,11/15/2014
id, 1185, name, Spider-Man (LEGO Marvel Super Heroes)
id, 951, name, Pip
_direction,bi,_label,battled,hours,6,date,7/7/2001
id, 1479, name, Zarek
id, 1189, name, Spider-Man (Noir)
_direction,bi,_label,worked,hours,7,date,10/3/2015
id, 166, name, Brute
id, 576, name, Iron Man (LEGO Marvel Super Heroes)
_direction,in,_label,battled,hours,5,date,2/16/1998
id, 450, name, Gladiator (Kallark)
id, 622, name, Jubilee (Age of Apocalypse)
_direction,out,_label,worked,hours,2,date,2/2/1992
id, 268, name, Cyber
id, 286, name, Dargo Ktor
_direction,in,_label,battled,hours,6,date,6/7/2000
id, 785, name, Maverick (Chris Bradley)
id, 377, name, Eternity
_direction,bi,_label,worked,hours,7,date,4/1/1995
id, 1456, name, Wrecking Crew
id, 1376, name, Vapor
_direction,bi,_label,battled,hours,8,date,11/20/2010
id, 444, name, Giant Girl
id, 1475, name, Young X-Men
_direction,out,_label,battled,hours,5,date,6/5/2004
id, 659, name, Krista Starr
id, 531, name, Hulk-dok
_direction,in,_label,battled,hours,3,date,3/23/1993
id, 1190, name, Spider-Man (Takuya Yamashiro)
id, 545, name, Hyperion (Earth-712)
_direction,bi,_label,battled,hours,3,date,3/16/2011
id, 139, name, Blizzard
id, 1374, name, Vanisher (Telford Porter)
_direction,out,_label,worked,hours,7,date,5/5/2006
id, 534, name, Human Cannonball
id, 357, name, Ego
_direction,out,_label,worked,hours,7,date,1/3/2005
id, 998, name, Quicksilver (Age of Apocalypse)
id, 1284, name, The Hood
_direction,out,_label,battled,hours,8,date,5/8/2009
id, 199, name, Captain Marvel (Mar-Vell)
id, 1046, name, Rogue (Age of Apocalypse)
_direction,bi,_label,battled,hours,6,date,1/26/2010
id, 926, name, Otto Octavius
id, 884, name, Next Avengers
_direction,out,_label,battled,hours,3,date,9/18/2004
id, 510, name, Heroes For Hire
id, 1034, name, Ricochet
_direction,out,_label,battled,hours,3,date,2/8/2002
id, 151, name, Blue Marvel
id, 691, name, Lionheart
_direction,in,_label,worked,hours,6,date,9/6/1989
id, 1113, name, Sharon Carter
id, 117, name, Black Bolt (Marvel War of Heroes)
_direction,out,_label,worked,hours,8,date,8/21/2014
id, 1016, name, Red Ghost
id, 1056, name, Rumiko Fujikawa
_direction,bi,_label,worked,hours,7,date,10/14/2009
id, 876, name, Nekra
id, 88, name, Bart Rozum
_direction,in,_label,battled,hours,6,date,12/26/2000
id, 763, name, Mariko Yashida
id, 224, name, Chameleon
_direction,bi,_label,worked,hours,3,date,7/5/2006
id, 956, name, Power Man (USM)
id, 1197, name, Spitfire
_direction,bi,_label,worked,hours,4,date,2/7/1991
id, 44, name, Angel (Thomas Halloway)
id, 1281, name, The Fallen
_direction,bi,_label,battled,hours,2,date,10/9/1986
id, 797, name, Mercury
id, 3, name, A.I.M.
_direction,out,_label,battled,hours,6,date,10/1/2005
id, 572, name, Iron Fist (Wu Ao-Shi)
id, 115, name, Black Bird
_direction,in,_label,battled,hours,7,date,1/28/2009
id, 697, name, Lizard (Ultimate)
id, 230, name, Chat
_direction,out,_label,battled,hours,8,date,9/27/1980
id, 1404, name, War Machine (Iron Man 3 - The Official Game)
id, 401, name, Firelord
_direction,bi,_label,battled,hours,4,date,10/11/1982
id, 1485, name, Zzzax
id, 868, name, Mystique (Ultimate)
_direction,in,_label,battled,hours,3,date,5/5/2004
id, 1160, name, Slipstream
id, 370, name, Enchantress (Amora)
_direction,bi,_label,worked,hours,1,date,7/9/1991
id, 594, name, Jamie Braddock
id, 1457, name, X-23
_direction,in,_label,worked,hours,8,date,4/28/2015
id, 857, name, Ms. Marvel (Kamala Khan)
id, 21, name, Akemi
_direction,bi,_label,battled,hours,1,date,1/7/1990
id, 1088, name, Screwball
id, 105, name, Beta-Ray Bill
_direction,in,_label,battled,hours,3,date,1/13/1994
id, 406, name, Flying Dutchman
id, 542, name, Hussar
_direction,in,_label,battled,hours,8,date,12/18/2014
id, 852, name, Mr. Immortal
id, 1405, name, War Machine (Marvel: Avengers Alliance)
_direction,bi,_label,worked,hours,1,date,9/20/1994
id, 276, name, Daimon Hellstrom
id, 43, name, Ancient One (Ultimate)
_direction,bi,_label,worked,hours,7,date,6/2/2002
id, 12, name, Aegis (Trey Rollins)
id, 1037, name, Risque
_direction,bi,_label,worked,hours,6,date,2/25/1981
id, 1450, name, Wolverine (X-Men: Battle of the Atom)
id, 1184, name, Spider-Man (House of M)
_direction,in,_label,worked,hours,1,date,8/27/1996
id, 1099, name, Shadow King
id, 654, name, Korath
_direction,out,_label,worked,hours,2,date,2/10/2013
id, 489, name, Harrier
id, 1100, name, Shadow King (Age of Apocalypse)
_direction,in,_label,battled,hours,5,date,10/2/2011
id, 979, name, PsyNapse
id, 1112, name, Shard
_direction,out,_label,worked,hours,6,date,8/20/1984
id, 842, name, Morlocks
id, 154, name, Bob-Agent of Hydra
_direction,bi,_label,worked,hours,1,date,11/6/2009
id, 746, name, Magneto (X-Men: Battle of the Atom)
id, 937, name, Payback
_direction,in,_label,worked,hours,1,date,12/2/2007
id, 1226, name, Storm (Age of Apocalypse)
id, 1465, name, X-Men
_direction,in,_label,worked,hours,8,date,10/26/1985
id, 925, name, Orphan-Maker
id, 831, name, Mongu (Unrevealed)
_direction,bi,_label,worked,hours,7,date,9/6/1981
id, 242, name, Colleen Wing
id, 1103, name, Shadowcat (Ultimate)
_direction,out,_label,worked,hours,6,date,11/22/1983
id, 1109, name, Shang-Chi (Ultimate)
id, 54, name, Anthem
_direction,in,_label,worked,hours,7,date,11/19/2007
id, 180, name, Callisto
id, 913, name, Odin
_direction,in,_label,battled,hours,7,date,1/8/1983
id, 285, name, Daredevil (Ultimate)
id, 834, name, Moon Knight (House of M)
_direction,in,_label,battled,hours,2,date,5/13/2006
id, 494, name, Havok
id, 714, name, Luke Cage
_direction,bi,_label,battled,hours,7,date,5/25/1990
id, 1449, name, Wolverine (Ultimate)
id, 1447, name, Wolverine (LEGO Marvel Super Heroes)
_direction,bi,_label,battled,hours,4,date,3/24/1998
id, 610, name, Jocasta
id, 1471, name, Xorn (Kuan-Yin Xorn)
_direction,out,_label,worked,hours,6,date,1/13/1990
id, 1356, name, Ultra-Adaptoid
id, 217, name, Celestials
_direction,bi,_label,worked,hours,1,date,11/15/2000
id, 130, name, Black Widow/Natasha Romanoff (MAA)
id, 49, name, Anne Marie Hoag
_direction,out,_label,battled,hours,6,date,4/17/1996
id, 82, name, Banshee (Theresa Rourke)
id, 1335, name, Toxin (Eddie Brock)
_direction,bi,_label,worked,hours,6,date,12/6/1984
id, 856, name, Mr. X
id, 320, name, Diamondback (Rachel Leighton)
_direction,out,_label,battled,hours,1,date,1/30/2013
id, 456, name, Goliath (Bill Foster)
id, 1301, name, Thena
_direction,bi,_label,battled,hours,4,date,9/12/2013
id, 1353, name, Ultimates
id, 56, name, Apocalypse (Ultimate)
_direction,bi,_label,battled,hours,5,date,10/17/1996
id, 628, name, Justin Hammer
id, 1202, name, Squadron Supreme (Earth-712)
_direction,bi,_label,battled,hours,1,date,5/26/2001
id, 86, name, Baroness S'Bak
id, 516, name, Hitomi Sakuma
_direction,out,_label,battled,hours,6,date,12/12/1992
id, 435, name, Gene Sailors
id, 400, name, Firedrake
_direction,out,_label,battled,hours,3,date,8/12/1994
id, 470, name, Guardian
id, 175, name, Cable (Marvel: Avengers Alliance)
_direction,bi,_label,battled,hours,2,date,4/3/1992
id, 93, name, Beast
id, 1079, name, Scarlet Witch
_direction,bi,_label,worked,hours,7,date,8/25/1987
id, 195, name, Captain Cross
id, 1314, name, Thunderbird (John Proudstar)
_direction,out,_label,worked,hours,8,date,12/28/2006
id, 363, name, Elite
id, 1001, name, Radioactive Man
_direction,out,_label,battled,hours,6,date,9/30/2010
id, 203, name, Captain Stacy
id, 330, name, Doctor Strange
_direction,out,_label,battled,hours,2,date,7/5/2003
id, 729, name, Madame Web (Julia Carpenter)
id, 263, name, Crusher Hogan (Ultimate)
_direction,out,_label,worked,hours,3,date,6/27/2007
id, 53, name, Ant-Man (Scott Lang)
id, 664, name, Lady Bullseye
_direction,bi,_label,battled,hours,2,date,2/25/1999
id, 1416, name, Wasp
id, 932, name, Paladin
_direction,in,_label,worked,hours,4,date,9/30/2011
id, 1203, name, Squirrel Girl
id, 535, name, Human Fly (Richard Deacon)
_direction,bi,_label,battled,hours,6,date,2/16/2011
id, 1124, name, Shinko Yamashiro
id, 501, name, Hellcat (Patsy Walker)
_direction,in,_label,worked,hours,8,date,5/17/1995
id, 91, name, Battering Ram
id, 1147, name, Siren (Earth-93060)
_direction,bi,_label,worked,hours,3,date,7/26/2006
id, 663, name, La Nuit
id, 671, name, Lava-Man
_direction,bi,_label,battled,hours,2,date,12/1/1980
id, 885, name, Nextwave
id, 1269, name, Terrax
_direction,out,_label,worked,hours,6,date,10/24/1983
id, 905, name, Norrin Radd
id, 1249, name, Sway
_direction,out,_label,battled,hours,2,date,10/31/1981
id, 1117, name, She-Hulk (Jennifer Walters)
id, 1232, name, Stryfe (Ultimate)
_direction,bi,_label,worked,hours,8,date,10/30/2002
id, 1277, name, The Call
id, 539, name, Human Torch (Ultimate)
_direction,bi,_label,worked,hours,2,date,6/16/1994
id, 1299, name, The Twelve
id, 1452, name, Wong
_direction,in,_label,worked,hours,4,date,4/14/1987
id, 1200, name, Spyke
id, 1468, name, X-Statix
_direction,bi,_label,worked,hours,2,date,9/23/1989
id, 339, name, Dormammu
id, 283, name, Daredevil (LEGO Marvel Super Heroes)
_direction,out,_label,worked,hours,7,date,4/11/2000
id, 433, name, Gauntlet (Joseph Green)
id, 32, name, Alpha Flight (Ultimate)
_direction,bi,_label,battled,hours,3,date,8/4/1983
id, 29, name, Alice
id, 1156, name, Slapstick
_direction,out,_label,worked,hours,8,date,5/20/2006
id, 699, name, Lockheed
id, 423, name, Galia
_direction,in,_label,worked,hours,2,date,11/11/2011
id, 441, name, Ghost Rider (Daniel Ketch)
id, 1035, name, Rictor
_direction,in,_label,worked,hours,4,date,5/19/2005
id, 1477, name, Zaran
id, 253, name, Cottonmouth
_direction,bi,_label,battled,hours,7,date,3/25/1994
id, 711, name, Luckman
id, 1193, name, Spider-Woman (Jessica Drew)
_direction,out,_label,battled,hours,7,date,9/5/1991
id, 667, name, Lady Ursula
id, 582, name, Iron Patriot
_direction,bi,_label,battled,hours,3,date,11/28/1993
id, 35, name, Amanda Sefton
id, 756, name, Mandrill
_direction,in,_label,battled,hours,5,date,8/3/2013
id, 124, name, Black Queen
id, 1231, name, Stryfe
_direction,out,_label,battled,hours,7,date,2/16/1993
id, 829, name, Molten Man
id, 1338, name, Trish Tilby
_direction,out,_label,worked,hours,5,date,4/25/1988
id, 212, name, Carol Danvers
id, 359, name, Electro (Ultimate)
_direction,out,_label,battled,hours,7,date,10/22/2000
id, 759, name, Mantis
id, 537, name, Human Torch
_direction,out,_label,worked,hours,7,date,3/30/2001
id, 233, name, Christian Walker
id, 291, name, Darkhawk
_direction,in,_label,battled,hours,8,date,4/11/2015
id, 577, name, Iron Man (Marvel Heroes)
id, 487, name, Harley Davidson Cooper
_direction,out,_label,worked,hours,1,date,5/27/1990
id, 563, name, Invisible Woman
id, 500, name, Hedge Knight
_direction,bi,_label,battled,hours,2,date,1/26/1981
id, 66, name, Armadillo
id, 295, name, Dazzler (Ultimate)
_direction,bi,_label,battled,hours,2,date,10/24/1997
id, 122, name, Black Panther
id, 728, name, Madame Masque
_direction,out,_label,battled,hours,1,date,4/3/2015
id, 1091, name, Selene
id, 1386, name, Vermin (Edward Whelan)
_direction,out,_label,battled,hours,2,date,11/16/2015
id, 111, name, Big Wheel
id, 128, name, Black Widow (LEGO Marvel Super Heroes)
_direction,out,_label,worked,hours,2,date,3/9/2004
id, 31, name, Alpha Flight
id, 211, name, Carnage (Ultimate)
_direction,bi,_label,battled,hours,7,date,8/1/1980
id, 593, name, James Howlett
id, 744, name, Magneto (House of M)
_direction,bi,_label,worked,hours,7,date,4/29/1984
id, 543, name, Hydra
id, 1145, name, Sinister Six
_direction,in,_label,battled,hours,4,date,3/9/2006
id, 169, name, Bulldozer
id, 1235, name, Sugar Man
_direction,out,_label,battled,hours,8,date,8/10/2005
id, 274, name, Dagger
id, 1021, name, Red Shift
_direction,bi,_label,worked,hours,1,date,5/4/1991
id, 1438, name, Wind Dancer
id, 608, name, Jimmy Woo
_direction,bi,_label,battled,hours,8,date,10/1/2000
id, 146, name, Bloodaxe
id, 1395, name, Vision
_direction,out,_label,battled,hours,5,date,2/11/2016
id, 1333, name, Toro (Thomas Raymond)
id, 1287, name, The Initiative
_direction,bi,_label,battled,hours,8,date,3/15/1988
id, 244, name, Colossus
id, 1325, name, Titania
_direction,bi,_label,battled,hours,1,date,9/5/2003
id, 389, name, Fantastic Four
id, 1368, name, Valeria Richards
_direction,in,_label,worked,hours,2,date,11/10/2004
id, 226, name, Changeling
id, 1306, name, Thor (Goddess of Thunder)
_direction,in,_label,battled,hours,1,date,12/2/1986
id, 1219, name, Stephen Strange
id, 731, name, Madelyne Pryor
_direction,bi,_label,battled,hours,8,date,11/8/2008
id, 816, name, Mister Sinister
id, 975, name, Prowler
_direction,out,_label,battled,hours,1,date,5/30/1986
id, 991, name, Pyro
id, 1279, name, The Enforcers
_direction,bi,_label,worked,hours,4,date,10/25/2007
id, 72, name, Asgardian
id, 662, name, Kylun
_direction,in,_label,battled,hours,3,date,6/7/2011
id, 1115, name, Shatterstar
id, 121, name, Black Knight (Sir Percy of Scandia)
_direction,bi,_label,worked,hours,7,date,2/24/1992
id, 392, name, Fantomex
id, 848, name, Mr. Fantastic (Ultimate)
_direction,in,_label,battled,hours,2,date,2/17/1997
id, 953, name, Plazm
id, 149, name, Bloodstrike
_direction,bi,_label,battled,hours,4,date,5/19/2002
id, 1463, name, X-Force
id, 116, name, Black Bolt
_direction,in,_label,battled,hours,8,date,11/26/1986
id, 5, name, Abomination (Emil Blonsky)
id, 843, name, Morlun
_direction,out,_label,worked,hours,6,date,12/4/2001
id, 216, name, Cecilia Reyes
id, 651, name, Kitty Pryde (X-Men: Battle of the Atom)
_direction,out,_label,battled,hours,8,date,12/3/2005
id, 73, name, Askew-Tronics
id, 1245, name, Supreme Intelligence
_direction,bi,_label,battled,hours,4,date,10/6/2011
id, 1058, name, Russian
id, 1239, name, Sunset Bain
_direction,bi,_label,battled,hours,1,date,2/9/1991
id, 234, name, Chronomancer
id, 517, name, Hobgoblin (Jason Macendale)
_direction,bi,_label,battled,hours,5,date,6/15/1999
id, 1370, name, Valkyrie (Ultimate)
id, 343, name, Dragon Lord
_direction,bi,_label,battled,hours,4,date,11/18/2012
id, 167, name, Bucky
id, 1293, name, The Professor
_direction,bi,_label,battled,hours,2,date,5/28/1998
id, 645, name, Killraven
id, 523, name, Howard Saint
_direction,bi,_label,worked,hours,7,date,11/25/2006
id, 480, name, Half-Life (Tony Masterson)
id, 57, name, Aqueduct
_direction,in,_label,battled,hours,7,date,7/1/2004
id, 1259, name, Talon (Fraternity of Raptors)
id, 252, name, Cosmo (dog)
_direction,out,_label,worked,hours,5,date,1/9/2000
id, 1342, name, Tusk
id, 1165, name, Solo (James Bourne)
_direction,in,_label,worked,hours,5,date,10/29/2004
id, 306, name, Deathstrike (Ultimate)
id, 607, name, Jigsaw
_direction,in,_label,battled,hours,6,date,11/20/1989
id, 200, name, Captain Marvel (Monica Rambeau)
id, 27, name, Alexa Mendez
_direction,out,_label,worked,hours,5,date,12/22/1986
id, 1010, name, Rawhide Kid
id, 239, name, Cloak
_direction,bi,_label,battled,hours,7,date,7/17/1987
id, 985, name, Punisher
id, 464, name, Green Goblin (Ultimate)
_direction,in,_label,worked,hours,7,date,3/23/1995
id, 1469, name, X.S.E.
id, 524, name, Howard The Duck
_direction,in,_label,worked,hours,1,date,7/9/1991
id, 1289, name, The Liberteens
id, 976, name, Prowler (Rick Lawson)
_direction,bi,_label,worked,hours,1,date,7/31/1987
id, 693, name, Living Mummy
id, 872, name, Naoko
_direction,out,_label,battled,hours,5,date,7/5/2006
id, 275, name, Daily Bugle
id, 859, name, Mulholland Black
_direction,out,_label,battled,hours,3,date,1/5/1992
id, 461, name, Great Lakes Avengers
id, 1278, name, The Captain
_direction,in,_label,battled,hours,1,date,8/2/1981
id, 1423, name, Werewolf By Night
id, 336, name, Doop
_direction,in,_label,worked,hours,4,date,1/23/1983
id, 1294, name, The Renegades
id, 1228, name, Storm (Ultimate)
_direction,bi,_label,worked,hours,4,date,11/6/1999
id, 14, name, Agent X (Nijo)
id, 1213, name, Stark Industries
_direction,bi,_label,battled,hours,2,date,11/2/2005
id, 112, name, Bill Hollister
id, 769, name, Marvel Zombies
_direction,out,_label,battled,hours,3,date,3/2/2008
id, 1059, name, S.H.I.E.L.D.
id, 388, name, Famine
_direction,bi,_label,worked,hours,8,date,11/27/1986
id, 1063, name, Sabretooth (House of M)
id, 723, name, Mac Gargan
_direction,in,_label,battled,hours,8,date,12/21/1991
id, 23, name, Albert Cleary
id, 916, name, Omega Flight
_direction,out,_label,battled,hours,2,date,7/16/2009
id, 626, name, Junta
id, 1377, name, Vargas
_direction,in,_label,worked,hours,3,date,8/20/2007
id, 882, name, New X-Men
id, 1000, name, Rachel Grey
_direction,in,_label,battled,hours,6,date,11/3/1994
id, 918, name, Omega Sentinel
id, 1384, name, Venus (Siren)
_direction,out,_label,worked,hours,7,date,9/20/1995
id, 1181, name, Spider-Man (2099)
id, 338, name, Dorian Gray
_direction,in,_label,worked,hours,8,date,2/22/1993
id, 1286, name, The Hunter
id, 257, name, Crimson Dynamo
_direction,out,_label,worked,hours,8,date,7/17/1982
id, 832, name, Monster Badoon
id, 833, name, Moon Knight
_direction,bi,_label,worked,hours,8,date,7/5/2001
id, 666, name, Lady Mastermind
id, 232, name, Chores MacGillicudy
_direction,bi,_label,worked,hours,4,date,1/30/1997
id, 901, name, Nomad
id, 222, name, Ch'od
_direction,in,_label,battled,hours,5,date,1/11/2016
id, 650, name, Kitty Pryde
id, 1323, name, Timeslip
_direction,out,_label,battled,hours,1,date,10/18/1981
id, 1419, name, Weapon X
id, 836, name, Moondragon
_direction,in,_label,worked,hours,8,date,4/5/1989
id, 900, name, Nocturne
id, 1274, name, Thanos (Ultimate)
_direction,bi,_label,battled,hours,5,date,3/3/1980
id, 245, name, Colossus (Ultimate)
id, 79, name, Avengers (Ultimate)
_direction,bi,_label,worked,hours,1,date,6/16/2005
id, 1211, name, Starhawk (Stakar Ogord)
id, 475, name, Gwen Stacy
_direction,bi,_label,battled,hours,5,date,7/19/1992
id, 11, name, Adam Warlock
id, 861, name, MVP
_direction,out,_label,battled,hours,8,date,5/26/2002
id, 399, name, Firebrand
id, 1020, name, Red She-Hulk
_direction,in,_label,worked,hours,7,date,4/12/2003
id, 238, name, Clint Barton
id, 1380, name, Vengeance (Michael Badilino)
_direction,in,_label,battled,hours,1,date,10/27/1996
id, 37, name, American Eagle (Jason Strongbow)
id, 964, name, Princess Powerful
_direction,out,_label,battled,hours,7,date,9/24/2011
id, 933, name, Pandemic
id, 1052, name, Ronan
_direction,out,_label,battled,hours,2,date,11/18/1991
id, 915, name, Old Lace
id, 619, name, Josiah X
_direction,bi,_label,battled,hours,3,date,4/15/1989
id, 591, name, Jackpot
id, 955, name, Post
_direction,out,_label,battled,hours,3,date,1/18/2000
id, 1357, name, Ultragirl (Earth-93060)
id, 954, name, Polaris
_direction,out,_label,battled,hours,4,date,6/8/1989
id, 764, name, Marrow
id, 229, name, Chase Stein
_direction,in,_label,worked,hours,6,date,11/16/2008
id, 571, name, Iron Fist (USM)
id, 1461, name, X-Factor
_direction,out,_label,worked,hours,2,date,5/22/1990
id, 1307, name, Thor (MAA)
id, 1273, name, Thanos
_direction,out,_label,worked,hours,7,date,1/12/1990
id, 562, name, Invaders
id, 1201, name, Squadron Sinister
_direction,out,_label,battled,hours,7,date,12/1/2004
id, 271, name, Cyclops (X-Men: Battle of the Atom)
id, 1187, name, Spider-Man (Marvel: Avengers Alliance)
_direction,bi,_label,battled,hours,8,date,11/24/1981
id, 1008, name, Rattler
id, 1261, name, Tana Nile
_direction,bi,_label,worked,hours,6,date,5/14/1981
id, 351, name, Earthquake
id, 993, name, Quasar (Wendell Vaughn)
_direction,bi,_label,worked,hours,4,date,2/29/1984
id, 235, name, ClanDestine
id, 541, name, Husk
_direction,in,_label,battled,hours,8,date,7/30/2012
id, 1146, name, Sir Ram
id, 739, name, Magik (Illyana Rasputin)
_direction,out,_label,worked,hours,5,date,8/31/2005
id, 1064, name, Sabretooth (Ultimate)
id, 58, name, Arachne
_direction,out,_label,worked,hours,6,date,4/23/1997
id, 1332, name, Tony Stark
id, 553, name, Imp
_direction,bi,_label,battled,hours,5,date,8/21/1983
id, 774, name, Masked Marvel (Unrevealed)
id, 157, name, Boomerang
_direction,bi,_label,worked,hours,6,date,1/15/2001
id, 260, name, Crossbones
id, 1295, name, The Santerians
_direction,in,_label,battled,hours,4,date,7/29/2003
id, 486, name, Hardball
id, 410, name, Forge
_direction,out,_label,worked,hours,6,date,9/13/1990
id, 674, name, Leech
id, 919, name, Omega the Unknown
_direction,out,_label,worked,hours,4,date,12/7/1986
id, 1244, name, Supernaut
id, 665, name, Lady Deathstrike
_direction,bi,_label,battled,hours,1,date,6/26/1992
id, 299, name, Deadpool (Deadpool)
id, 1199, name, Sprite
_direction,out,_label,battled,hours,4,date,2/20/1994
id, 1359, name, Umar
id, 596, name, Janus-the Nega-Man
_direction,in,_label,battled,hours,2,date,3/9/1989
id, 789, name, Medusa
id, 262, name, Crusher Hogan
_direction,bi,_label,battled,hours,2,date,1/8/1982
id, 1144, name, Sin
id, 1048, name, Rogue (Ultimate)
_direction,in,_label,battled,hours,1,date,8/4/2011
id, 1216, name, Stellaris
id, 142, name, Blockbuster
_direction,in,_label,worked,hours,2,date,4/19/1981
id, 316, name, Devil Dinosaur (HAS)
id, 62, name, Archangel
_direction,bi,_label,battled,hours,6,date,10/7/2010
id, 144, name, Bloke
id, 80, name, Azazel (Mutant)
_direction,in,_label,worked,hours,6,date,4/22/1999
id, 302, name, Death
id, 1422, name, Wendigo
_direction,in,_label,worked,hours,2,date,2/20/1999
id, 9, name, Abyss (Age of Apocalypse)
id, 78, name, Avengers
_direction,out,_label,worked,hours,2,date,5/3/2006
id, 227, name, Charles Xavier
id, 1055, name, Roxanne Simpson
_direction,out,_label,battled,hours,3,date,7/11/1987
id, 616, name, Johnny Storm
id, 827, name, Molly Hayes
_direction,in,_label,battled,hours,1,date,6/5/2004
id, 823, name, Moira MacTaggert (Ultimate)
id, 1272, name, Thaddeus Ross
_direction,out,_label,worked,hours,2,date,7/1/2000
id, 8, name, Abyss
id, 515, name, Hitman
_direction,bi,_label,battled,hours,3,date,6/7/1994
id, 185, name, Cap'n Oz
id, 1128, name, Shocker (Herman Schultz)
_direction,bi,_label,battled,hours,2,date,8/13/2002
id, 1413, name, Warpath
id, 801, name, MI: 13
_direction,out,_label,battled,hours,8,date,6/30/2008
id, 670, name, Landau
id, 1102, name, Shadowcat (Age of Apocalypse)
_direction,in,_label,worked,hours,4,date,12/26/2008
id, 87, name, Barracuda
id, 692, name, Living Lightning
_direction,in,_label,battled,hours,7,date,10/31/1980
id, 107, name, Betty Ross
id, 602, name, Jennifer Smith
_direction,in,_label,battled,hours,2,date,12/4/1980
id, 386, name, Falcon/Sam Wilson (MAA)
id, 171, name, Bushwacker
_direction,bi,_label,worked,hours,1,date,3/15/1985
id, 1011, name, Raza
id, 1246, name, Surge
_direction,out,_label,battled,hours,4,date,4/30/1985
id, 172, name, Butterfly
id, 1042, name, Rocket Raccoon (Marvel Heroes)
_direction,in,_label,worked,hours,6,date,5/18/2011
id, 1428, name, White Tiger (Angela Del Toro)
id, 1, name, 3-D Man
_direction,out,_label,worked,hours,1,date,8/1/1984
id, 1348, name, U-Go Girl
id, 26, name, Alex Wilder
_direction,in,_label,worked,hours,3,date,12/3/1981
id, 1045, name, Rogue
id, 1482, name, Zodiak
_direction,out,_label,battled,hours,3,date,8/21/2009
id, 499, name, Hawkeye/Clint Barton (MAA)
id, 1426, name, Whistler
_direction,in,_label,worked,hours,4,date,6/18/2005
id, 315, name, Devil Dinosaur (Devil Dinosaur)
id, 1326, name, Titanium Man (Topolov)
_direction,out,_label,battled,hours,5,date,6/27/1981
id, 649, name, Kinsey Walden
id, 1132, name, Shriek
_direction,bi,_label,battled,hours,5,date,3/19/2004
id, 815, name, Mister Fear
id, 555, name, Imperial Guard
_direction,bi,_label,battled,hours,5,date,3/23/2013
id, 675, name, Legion
id, 1007, name, Random
_direction,bi,_label,worked,hours,5,date,4/4/1986
id, 1140, name, Silver Samurai (Age of Apocalypse)
id, 10, name, Adam Destine
_direction,in,_label,battled,hours,7,date,4/29/2013
id, 679, name, Leopardon
id, 1224, name, Stone Men
_direction,in,_label,worked,hours,5,date,9/25/2005
id, 358, name, Electro
id, 911, name, Nuke
_direction,out,_label,battled,hours,8,date,7/20/1984
id, 847, name, Mr. Fantastic
id, 404, name, Fixer (Paul Norbert Ebersol)
_direction,in,_label,worked,hours,8,date,7/14/1999
id, 1282, name, The Fury
id, 1172, name, Speedball (Robert Baldwin)
_direction,out,_label,battled,hours,1,date,6/22/2013
id, 512, name, High Evolutionary
id, 104, name, Bengal
_direction,bi,_label,battled,hours,5,date,7/16/1981
id, 914, name, Ogun
id, 860, name, Multiple Man
_direction,in,_label,worked,hours,8,date,10/20/1986
id, 1424, name, Whiplash (Mark Scarlotti)
id, 1345, name, Typhoid Mary
_direction,in,_label,worked,hours,5,date,7/28/2014
id, 1292, name, The Phantom
id, 584, name, Ironclad
_direction,out,_label,battled,hours,8,date,9/3/1992
id, 505, name, Hellions (Squad)
id, 778, name, Mastermind
_direction,out,_label,worked,hours,1,date,2/26/1996
id, 1262, name, Tarantula (Luis Alvarez)
id, 749, name, Major Mapleleaf
_direction,out,_label,battled,hours,1,date,4/24/1983
id, 1379, name, Veda
id, 862, name, Mysterio
_direction,out,_label,battled,hours,3,date,5/1/1984
id, 94, name, Beast (Earth-311)
id, 802, name, Micro/Macro
_direction,out,_label,battled,hours,1,date,2/1/1983
id, 566, name, Iron Cross Army
id, 36, name, Amazoness
_direction,in,_label,battled,hours,2,date,8/18/1994
id, 532, name, Hulk/Bruce Banner (MAA)
id, 249, name, Controller
_direction,bi,_label,worked,hours,2,date,5/12/2002
id, 1179, name, Spider-Man
id, 519, name, Hobgoblin (Roderick Kingsley)
_direction,out,_label,battled,hours,8,date,12/5/2005
id, 552, name, Ilyana Rasputin
id, 1111, name, Shape
_direction,in,_label,battled,hours,1,date,6/26/1991
id, 391, name, Fantastick Four
id, 445, name, Giant Man
_direction,out,_label,worked,hours,1,date,12/31/2004
id, 1003, name, Rage
id, 201, name, Captain Marvel (Phyla-Vell)
_direction,bi,_label,battled,hours,6,date,4/13/2000
id, 1013, name, Reavers
id, 782, name, Matthew Murdock
_direction,in,_label,worked,hours,7,date,5/27/1986
id, 1208, name, Starbolt
id, 678, name, Leo (Zodiac)
_direction,out,_label,worked,hours,5,date,6/22/1987
id, 870, name, Namora
id, 223, name, Chamber
_direction,in,_label,worked,hours,4,date,11/25/2009
id, 1167, name, Sons of the Tiger
id, 206, name, Caretaker
_direction,in,_label,worked,hours,8,date,8/26/2001
id, 1336, name, Trauma
id, 720, name, M.O.D.O.K.
_direction,in,_label,battled,hours,7,date,5/20/2010
id, 874, name, Nebula
id, 1149, name, Skaar
_direction,bi,_label,worked,hours,1,date,7/25/1988
id, 935, name, Patch
id, 362, name, Elements of Doom
_direction,bi,_label,worked,hours,8,date,4/8/1998
id, 24, name, Albion
id, 277, name, Daken
_direction,out,_label,battled,hours,4,date,6/21/1995
id, 945, name, Phalanx
id, 695, name, Liz Osborn
_direction,bi,_label,battled,hours,2,date,10/6/1994
id, 287, name, Dark Avengers
id, 590, name, Jackal
_direction,bi,_label,worked,hours,1,date,1/25/1987
id, 353, name, Eddie Brock
id, 68, name, Armory
_direction,out,_label,worked,hours,3,date,12/27/2003
id, 1062, name, Sabretooth (Age of Apocalypse)
id, 1367, name, Unus (Ultimate)
_direction,out,_label,worked,hours,8,date,12/28/2008
id, 513, name, Hindsight Lad
id, 131, name, Blackheart
_direction,in,_label,battled,hours,1,date,3/10/2011
id, 529, name, Hulk (Marvel: Avengers Alliance)
id, 458, name, Gorilla Man
_direction,in,_label,worked,hours,3,date,1/27/1982
id, 318, name, Dexter Bennett
id, 1005, name, Randall
_direction,in,_label,worked,hours,6,date,2/2/1992
id, 1206, name, Star Brand
id, 308, name, Debrii
_direction,out,_label,worked,hours,2,date,7/31/1981
id, 1036, name, Riptide
id, 589, name, Jack Power
_direction,bi,_label,battled,hours,1,date,9/18/1987
id, 1047, name, Rogue (Deadpool)
id, 454, name, Goblin Queen
_direction,bi,_label,worked,hours,7,date,11/27/1984
id, 293, name, Darwin
id, 354, name, Eddie Lau
_direction,in,_label,worked,hours,3,date,4/25/1996
id, 127, name, Black Widow
id, 963, name, Prince of Orphans
_direction,in,_label,battled,hours,2,date,2/26/2012
id, 1186, name, Spider-Man (Marvel Zombies)
id, 365, name, Elloe Kaifi
_direction,in,_label,battled,hours,7,date,7/28/1983
id, 1130, name, Shooting Star
id, 1090, name, Secret Warriors
_direction,out,_label,battled,hours,7,date,9/13/1989
id, 1354, name, Ultimatum
id, 776, name, Master Chief
_direction,out,_label,battled,hours,5,date,10/18/2013
id, 1429, name, White Tiger (USM)
id, 557, name, In-Betweener
_direction,bi,_label,battled,hours,3,date,8/27/1992
id, 1207, name, Star-Lord (Peter Quill)
id, 1210, name, Starfox
_direction,bi,_label,worked,hours,4,date,1/13/2003
id, 757, name, Mandroid
id, 240, name, Cloud 9
_direction,in,_label,battled,hours,6,date,8/28/2011
id, 1459, name, X-Babies
id, 775, name, Masque
_direction,bi,_label,battled,hours,1,date,1/7/1982
id, 1417, name, Wasp (Ultimate)
id, 1143, name, Silvermane
_direction,bi,_label,battled,hours,3,date,7/12/1998
id, 1150, name, Skaar (HAS)
id, 765, name, Marten Broadcloak
_direction,in,_label,battled,hours,2,date,6/10/2004
id, 788, name, May Parker
id, 13, name, Agent Brand
_direction,bi,_label,worked,hours,7,date,2/10/1986
id, 472, name, Guardsmen
id, 989, name, Purifiers
_direction,in,_label,battled,hours,3,date,12/31/1984
id, 726, name, Mad Thinker
id, 1387, name, Vertigo (Savage Land Mutate)
_direction,out,_label,battled,hours,6,date,5/11/1982
id, 381, name, Expediter
id, 676, name, Lei Kung-The Thunderer
_direction,in,_label,worked,hours,2,date,9/19/1990
id, 962, name, Prima
id, 413, name, Frank Castle
_direction,in,_label,battled,hours,5,date,7/23/2004
id, 1346, name, Tyrannus
id, 1040, name, Robin Chapel
_direction,in,_label,worked,hours,2,date,11/20/2002
id, 379, name, Exiles
id, 134, name, Blade
_direction,out,_label,worked,hours,6,date,2/10/2014
id, 655, name, Korg
id, 383, name, Ezekiel Stane
_direction,bi,_label,worked,hours,1,date,10/23/2000
id, 371, name, Enchantress (Sylvie Lushton)
id, 411, name, Forge (Ultimate)
_direction,bi,_label,battled,hours,4,date,4/2/2011
id, 342, name, Dracula
id, 1162, name, Smasher (Vril Rokk)
_direction,out,_label,battled,hours,8,date,7/6/2008
id, 1371, name, Vampiro
id, 312, name, Destiny
_direction,bi,_label,battled,hours,7,date,7/1/1991
id, 990, name, Purple Man
id, 767, name, Marvel Apes
_direction,in,_label,worked,hours,7,date,12/30/1994
id, 1119, name, She-Hulk (Marvel War of Heroes)
id, 837, name, Moonstone
_direction,in,_label,worked,hours,7,date,7/13/1996
id, 374, name, Epoch
id, 329, name, Doctor Spectrum
_direction,in,_label,battled,hours,3,date,9/12/1986
id, 1252, name, Swordsman (Jaques Duquesne)
id, 826, name, Molecule Man
_direction,out,_label,worked,hours,5,date,10/7/2013
id, 30, name, Alicia Masters
id, 1309, name, Thor (Marvel War of Heroes)
_direction,out,_label,worked,hours,4,date,3/8/2002
id, 803, name, Microbe
id, 50, name, Annihilus
_direction,out,_label,battled,hours,8,date,2/16/2006
id, 1049, name, Rogue (X-Men: Battle of the Atom)
id, 126, name, Black Tom
_direction,out,_label,worked,hours,2,date,7/28/1992
id, 1030, name, Rhodey
id, 992, name, Quasar (Phyla-Vell)
_direction,out,_label,battled,hours,1,date,4/23/1991
id, 1440, name, Wither
id, 473, name, Gunslinger
_direction,out,_label,worked,hours,2,date,6/5/1989
id, 187, name, Captain America (House of M)
id, 1078, name, Scarlet Spider (Kaine)
_direction,bi,_label,worked,hours,4,date,7/4/2006
id, 321, name, Dinah Soar
id, 1434, name, Wild Pack
_direction,bi,_label,worked,hours,6,date,4/16/1988
id, 20, name, Ajaxis
id, 792, name, Menace
_direction,in,_label,worked,hours,2,date,7/27/2007
id, 597, name, Jasper Sitwell
id, 243, name, Colonel America
_direction,out,_label,worked,hours,5,date,11/11/1981
id, 869, name, Namor
id, 1256, name, Tag
_direction,out,_label,worked,hours,2,date,3/8/1993
id, 1250, name, Switch
id, 1308, name, Thor (Marvel Heroes)
_direction,in,_label,battled,hours,3,date,12/13/1990
id, 598, name, Jazinda
id, 1329, name, Tomas
_direction,in,_label,worked,hours,8,date,8/5/1997
id, 828, name, Molly Von Richtofen
id, 684, name, Lifeguard
_direction,in,_label,worked,hours,2,date,2/22/2004
id, 220, name, Cerebro
id, 219, name, Centurions
_direction,in,_label,battled,hours,7,date,5/12/2005
id, 825, name, Mole Man
id, 1394, name, Virginia Dare
_direction,out,_label,worked,hours,3,date,5/1/2005
id, 119, name, Black Cat (Ultimate)
id, 1275, name, The 198
_direction,bi,_label,worked,hours,1,date,11/2/2011
id, 143, name, Blok
id, 197, name, Captain Marvel (Carol Danvers)
_direction,in,_label,worked,hours,6,date,7/30/2008
id, 280, name, Dani Moonstar
id, 469, name, Groot
_direction,bi,_label,battled,hours,1,date,9/4/1995
id, 604, name, Jessica Drew
id, 525, name, Hulk
_direction,in,_label,battled,hours,7,date,9/2/1984
id, 97, name, Bedlam
id, 1391, name, Vindicator
_direction,in,_label,worked,hours,6,date,12/8/2002
id, 132, name, Blacklash
id, 994, name, Quasimodo
_direction,in,_label,battled,hours,7,date,8/22/1997
id, 908, name, Nova (Frankie Raye)
id, 448, name, Gideon
_direction,in,_label,battled,hours,8,date,3/6/1980
id, 614, name, John Wraith
id, 48, name, Anita Blake
_direction,in,_label,worked,hours,1,date,8/15/1996
id, 332, name, Dog Brother #1
id, 1312, name, Thor Girl
_direction,in,_label,battled,hours,2,date,8/13/2013
id, 631, name, Kang
id, 514, name, Hiroim
_direction,in,_label,worked,hours,3,date,8/16/2003
id, 337, name, Doorman
id, 1484, name, Zuras
_direction,in,_label,worked,hours,8,date,11/27/1989
id, 732, name, Madripoor
id, 1455, name, Wrecker
_direction,bi,_label,worked,hours,2,date,3/14/1991
id, 1183, name, Spider-Man (Ben Reilly)
id, 1195, name, Spiral (Rita Wayword)
_direction,bi,_label,battled,hours,5,date,7/4/2011
id, 931, name, Paibok
id, 279, name, Damage Control
_direction,in,_label,worked,hours,3,date,11/22/2005
id, 265, name, Cuckoo
id, 205, name, Cardiac
_direction,bi,_label,battled,hours,4,date,7/23/1999
id, 207, name, Cargill
id, 225, name, Champions
_direction,bi,_label,worked,hours,4,date,8/23/2002
id, 408, name, Force Works
id, 1032, name, Rick Jones
_direction,bi,_label,worked,hours,3,date,11/7/1985
id, 1061, name, Sabretooth
id, 1344, name, Tyger Tiger
_direction,bi,_label,battled,hours,2,date,8/29/2001
id, 786, name, Maverick (Christoph Nord)
id, 67, name, Armor (Hisako Ichiki)
_direction,out,_label,worked,hours,4,date,2/17/1999
id, 1131, name, Shotgun
id, 1116, name, She-Hulk (HAS)
_direction,in,_label,battled,hours,1,date,4/25/1996
id, 799, name, Metal Master
id, 484, name, Hannibal King
_direction,in,_label,worked,hours,4,date,9/29/2000
id, 346, name, Dreadnoughts
id, 957, name, Power Pack
_direction,out,_label,battled,hours,3,date,4/27/1980
id, 1453, name, Wong (Ultimate)
id, 773, name, Mary Jane Watson (Ultimate)
_direction,out,_label,battled,hours,4,date,6/28/2007
id, 1164, name, Snowbird
id, 586, name, Jack Flag
_direction,out,_label,battled,hours,4,date,2/14/1998
id, 1043, name, Rocket Racer
id, 467, name, Greymalkin
_direction,in,_label,battled,hours,2,date,6/18/2014
id, 646, name, King Bedlam
id, 384, name, Fabian Cortez
_direction,bi,_label,worked,hours,8,date,11/6/1995
id, 264, name, Crystal
id, 319, name, Diablo
_direction,out,_label,battled,hours,4,date,9/14/2012
id, 807, name, Miek
id, 497, name, Hawkeye (Marvel Heroes)
_direction,in,_label,worked,hours,7,date,2/16/2013
id, 1075, name, Scalphunter
id, 581, name, Iron Monger
_direction,bi,_label,battled,hours,5,date,8/13/1994
id, 395, name, Fenris
id, 656, name, Korvac
_direction,in,_label,battled,hours,6,date,5/15/2001
id, 982, name, Puff Adder
id, 796, name, Mephistopheles
_direction,bi,_label,worked,hours,7,date,10/8/1991
id, 89, name, Bastion
id, 547, name, Iceman
_direction,bi,_label,worked,hours,8,date,10/1/2013
id, 92, name, Beak
id, 940, name, Pestilence
_direction,out,_label,worked,hours,1,date,7/19/1994
id, 717, name, M (Monet St. Croix)
id, 988, name, Puppet Master
_direction,out,_label,battled,hours,1,date,5/30/2014
id, 783, name, Mattie Franklin
id, 1412, name, Warlock (Technarchy)
_direction,out,_label,battled,hours,7,date,9/2/2010
id, 1327, name, Toad
id, 630, name, Kabuki
_direction,out,_label,worked,hours,5,date,11/7/1984
id, 1270, name, Terror
id, 506, name, Hemingway
_direction,bi,_label,battled,hours,2,date,2/13/1996
id, 51, name, Anole
id, 1330, name, Tombstone
_direction,bi,_label,worked,hours,3,date,8/31/2001
id, 700, name, Lockjaw
id, 1095, name, Sentry (Robert Reynolds)
_direction,in,_label,worked,hours,8,date,2/8/2014
id, 1407, name, War Machine (Ultimate)
id, 1280, name, The Executioner
_direction,out,_label,worked,hours,2,date,7/24/1993
id, 1086, name, Scrambler
id, 660, name, Kronos
_direction,bi,_label,worked,hours,2,date,7/3/2015
id, 150, name, Blue Blade
id, 492, name, Harry Osborn (Ultimate)
_direction,out,_label,worked,hours,1,date,4/1/1989
id, 1437, name, Wilson Fisk
id, 1080, name, Scarlet Witch (Age of Apocalypse)
_direction,out,_label,battled,hours,6,date,6/16/2009
id, 878, name, Network
id, 170, name, Bullseye
_direction,out,_label,worked,hours,7,date,12/6/2007
id, 661, name, Kulan Gath
id, 846, name, Mr. Bumpo
_direction,out,_label,worked,hours,1,date,4/21/1982
id, 696, name, Lizard
id, 452, name, Glenn Talbot
_direction,out,_label,battled,hours,5,date,12/5/1995
id, 158, name, Box
id, 713, name, Lucy in the Sky
_direction,bi,_label,battled,hours,8,date,6/17/1990
id, 174, name, Cable (Deadpool)
id, 567, name, Iron Fist (Bei Bang-Wen)
_direction,out,_label,worked,hours,1,date,5/28/2002
id, 712, name, Lucky Pierre
id, 770, name, Marvex
_direction,out,_label,worked,hours,8,date,11/20/2015
id, 1302, name, Thing
id, 672, name, Layla Miller
_direction,bi,_label,battled,hours,6,date,8/27/1983
id, 1106, name, Shaman
id, 1126, name, Shiva
_direction,out,_label,worked,hours,6,date,6/8/1991
id, 1392, name, Violations
id, 247, name, Constrictor
_direction,in,_label,battled,hours,1,date,9/10/2014
id, 301, name, Deadpool (X-Men: Battle of the Atom)
id, 903, name, Nomad (Steve Rogers)
_direction,out,_label,battled,hours,8,date,3/10/2005
id, 625, name, Julian Keller
id, 939, name, Pepper Potts
_direction,bi,_label,worked,hours,2,date,5/18/2015
id, 694, name, Living Tribunal
id, 922, name, Oracle
_direction,out,_label,worked,hours,4,date,12/16/1990
id, 373, name, Energizer
id, 366, name, Elsa Bloodstone
_direction,bi,_label,battled,hours,4,date,12/19/2015
id, 946, name, Phantom Reporter
id, 853, name, Mr. Meugniot
_direction,out,_label,worked,hours,5,date,4/6/1994
id, 1420, name, Wendell Rand
id, 966, name, Prodigy
_direction,out,_label,battled,hours,7,date,3/22/2015
id, 1343, name, Two-Gun Kid
id, 1139, name, Silver Samurai
_direction,out,_label,worked,hours,1,date,9/10/2004
id, 1204, name, Stacy X
id, 176, name, Cable (Ultimate)
_direction,in,_label,battled,hours,1,date,11/30/1999
id, 430, name, Garia
id, 1385, name, Venus Dee Milo
_direction,in,_label,worked,hours,5,date,4/19/1984
id, 606, name, Jetstream
id, 290, name, Dark X-Men
_direction,out,_label,worked,hours,4,date,8/30/1994
id, 1439, name, Winter Soldier
id, 520, name, Holocaust (Age of Apocalypse)
_direction,out,_label,battled,hours,6,date,11/3/2003
id, 186, name, Captain America
id, 841, name, Morgan Stark
_direction,bi,_label,battled,hours,5,date,4/11/1996
id, 81, name, Banshee
id, 734, name, Maelstrom
_direction,bi,_label,worked,hours,1,date,7/22/2010
id, 181, name, Callisto (Age of Apocalypse)
id, 560, name, Inhumans
_direction,out,_label,worked,hours,8,date,6/29/1982
id, 509, name, Hercules
id, 1462, name, X-Factor Investigations
_direction,out,_label,worked,hours,2,date,7/7/1980
id, 215, name, Catseye
id, 303, name, Deathbird
_direction,out,_label,battled,hours,4,date,2/21/2015
id, 1214, name, Stature
id, 1454, name, Wraith
_direction,bi,_label,battled,hours,4,date,12/25/2011
id, 416, name, Franklin Storm
id, 810, name, Millie the Model
_direction,out,_label,battled,hours,2,date,5/24/1997
id, 817, name, Mister Sinister (Deadpool)
id, 436, name, Generation X
_direction,bi,_label,battled,hours,3,date,5/3/1993
id, 1041, name, Rocket Raccoon
id, 1118, name, She-Hulk (Lyra)
_direction,out,_label,worked,hours,1,date,6/10/2005
id, 1148, name, Sister Grimm
id, 781, name, Matsu'o Tsurayaba
_direction,bi,_label,battled,hours,8,date,7/19/2005
id, 999, name, Quicksilver (Ultimate)
id, 1451, name, Wonder Man
_direction,out,_label,worked,hours,8,date,5/20/2009
id, 838, name, Morbius
id, 811, name, Mimic
_direction,in,_label,worked,hours,5,date,12/18/1990
id, 103, name, Ben Urich
id, 580, name, Iron Man/Tony Stark (MAA)
_direction,bi,_label,battled,hours,5,date,1/20/2010
id, 1347, name, U-Foes
id, 1248, name, Swarm
_direction,bi,_label,battled,hours,5,date,4/30/1985
id, 1399, name, Vulture (Blackie Drago)
id, 1168, name, Spacker Dave
_direction,out,_label,battled,hours,7,date,1/12/1999
id, 1339, name, Triton
id, 570, name, Iron Fist (Quan Yaozu)
_direction,bi,_label,battled,hours,1,date,5/2/1981
id, 1053, name, Roughhouse
id, 997, name, Quicksilver
_direction,in,_label,battled,hours,1,date,2/9/1986
id, 1481, name, Zemo
id, 793, name, Mentallo
_direction,in,_label,battled,hours,2,date,11/6/1989
id, 1066, name, Salem's Seven (Ultimate)
id, 491, name, Harry Osborn
_direction,in,_label,battled,hours,2,date,7/10/1984
id, 758, name, Manta
id, 1180, name, Spider-Man (1602)
_direction,bi,_label,battled,hours,1,date,10/5/1980
id, 424, name, Gambit
id, 983, name, pug
_direction,in,_label,battled,hours,2,date,12/9/1980
id, 140, name, Blob
id, 184, name, Cannonball
_direction,bi,_label,worked,hours,3,date,4/29/2011
id, 1361, name, Union Jack (Brian Falsworth)
id, 1176, name, Spider-Girl (Anya Corazon)
_direction,out,_label,worked,hours,4,date,3/1/2005
id, 101, name, Ben Parker
id, 1271, name, Texas Twister
_direction,in,_label,worked,hours,2,date,5/3/2000
id, 1310, name, Thor (Marvel: Avengers Alliance)
id, 1105, name, Shalla-bal
_direction,out,_label,battled,hours,3,date,9/9/2012
id, 1352, name, Ultimate Spider-Man (USM)
id, 787, name, Maximus
_direction,in,_label,worked,hours,4,date,10/21/2001
id, 355, name, Edward "Ted" Forrester
id, 1242, name, Super-Adaptoid
_direction,bi,_label,worked,hours,1,date,5/25/2015
id, 133, name, Blackout
id, 920, name, Onslaught
_direction,in,_label,worked,hours,3,date,4/29/1998
id, 780, name, Mathemanic
id, 821, name, Mockingbird
_direction,out,_label,worked,hours,3,date,4/6/2004
id, 84, name, Baron Zemo (Heinrich Zemo)
id, 1217, name, Stepford Cuckoos
_direction,in,_label,worked,hours,4,date,6/20/2007
id, 1432, name, Wild Child
id, 178, name, Calamity
_direction,bi,_label,battled,hours,5,date,1/6/1982
id, 844, name, Morph
id, 706, name, Longshot (Ultimate)
_direction,in,_label,worked,hours,2,date,10/8/1991
id, 1137, name, Silver Fox
id, 397, name, Fin Fang Foom
_direction,out,_label,battled,hours,5,date,12/4/1995
id, 162, name, Brother Voodoo
id, 440, name, Gertrude Yorkes
_direction,in,_label,battled,hours,4,date,4/25/1983
id, 1134, name, Silhouette
id, 190, name, Captain America (Sam Wilson)
_direction,bi,_label,worked,hours,7,date,10/13/1980
id, 476, name, Gwen Stacy (Ultimate)
id, 1177, name, Spider-Girl (May Parker)
_direction,out,_label,worked,hours,1,date,5/2/1994
id, 620, name, Joystick
id, 701, name, Logan
_direction,out,_label,worked,hours,7,date,12/29/2007
id, 549, name, Iceman (X-Men: Battle of the Atom)
id, 612, name, John Jameson
_direction,out,_label,worked,hours,1,date,8/17/1998
id, 640, name, Ken Ellis
id, 288, name, Dark Beast
_direction,out,_label,battled,hours,4,date,1/10/2007
id, 71, name, Artiee
id, 1151, name, Skin
_direction,out,_label,worked,hours,6,date,5/7/1987
id, 592, name, James Buchanan Barnes
id, 948, name, Photon
_direction,out,_label,battled,hours,4,date,10/23/1990
id, 1305, name, Thor
id, 327, name, Doctor Octopus
_direction,in,_label,worked,hours,4,date,3/6/2010
id, 1114, name, Sharon Ventura
id, 261, name, Crule
_direction,in,_label,worked,hours,5,date,2/6/1993
id, 784, name, Mauler
id, 1406, name, War Machine (Parnell Jacobs)
_direction,out,_label,battled,hours,2,date,7/28/1981
id, 1033, name, Rick Jones (Ultimate)
id, 1409, name, Warbound
_direction,out,_label,worked,hours,6,date,2/2/2001
id, 182, name, Calypso
id, 1458, name, X-51
_direction,out,_label,battled,hours,1,date,11/19/1997
id, 348, name, Druig
id, 752, name, Malice (Earth-161)
_direction,out,_label,worked,hours,8,date,11/18/2014
id, 1029, name, Rhino
id, 710, name, Lorna Dane
_direction,out,_label,battled,hours,8,date,12/4/1984
id, 1170, name, Speed
id, 432, name, Gateway
_direction,out,_label,battled,hours,3,date,8/6/2013
id, 246, name, Confederates of the Curious
id, 1315, name, Thunderbird (Neal Shaara)
_direction,in,_label,battled,hours,8,date,11/13/1992
id, 419, name, Frog Thor
id, 1039, name, Robert Baldwin
_direction,bi,_label,worked,hours,4,date,2/18/2010
id, 647, name, King Cobra
id, 1205, name, Stacy X (Ultimate)
_direction,bi,_label,worked,hours,4,date,3/18/1984
id, 118, name, Black Cat
id, 1364, name, Unus
_direction,bi,_label,battled,hours,7,date,8/25/1989
id, 496, name, Hawkeye (Kate Bishop)
id, 1166, name, Songbird
_direction,in,_label,worked,hours,4,date,5/29/1998
id, 830, name, Mongoose
id, 1355, name, Ultimo
_direction,out,_label,battled,hours,2,date,12/28/1987
id, 965, name, Prism
id, 183, name, Cammi
_direction,in,_label,worked,hours,8,date,8/5/1982
id, 296, name, Deacon Frost
id, 894, name, Nightcrawler (Ultimate)
_direction,out,_label,battled,hours,3,date,7/28/2007
id, 897, name, Nightshade
id, 403, name, Firestar (Ultimate)
_direction,in,_label,battled,hours,8,date,4/19/2009
id, 63, name, Arclight
id, 743, name, Magneto (Age of Apocalypse)
_direction,out,_label,battled,hours,8,date,12/14/2003
id, 18, name, Air-Walker (Gabriel Lan)
id, 1225, name, Storm
_direction,bi,_label,worked,hours,6,date,4/22/2015
id, 1110, name, Shanna the She-Devil
id, 623, name, Juggernaut
_direction,bi,_label,battled,hours,3,date,1/4/1996
id, 361, name, Elektra (Ultimate)
id, 879, name, New Goblin
_direction,bi,_label,worked,hours,6,date,9/3/1996
id, 1331, name, Tomorrow Man
id, 755, name, Mandarin
_direction,in,_label,worked,hours,2,date,9/24/2001
id, 930, name, Ozymandias
id, 629, name, Ka-Zar
_direction,in,_label,battled,hours,2,date,3/12/2015
id, 544, name, Hydro-Man
id, 1390, name, Vin Gonzales
_direction,bi,_label,battled,hours,7,date,5/16/1996
id, 899, name, Nitro
id, 273, name, D'Ken Neramani
_direction,out,_label,worked,hours,1,date,8/29/1985
id, 1313, name, Thunderball
id, 52, name, Ant-Man (Eric O'Grady)
_direction,bi,_label,worked,hours,7,date,7/22/1983
id, 587, name, Jack Murdock
id, 668, name, Lady Vermin
_direction,bi,_label,battled,hours,4,date,7/3/2010
id, 228, name, Charlie Campion
id, 462, name, Green Goblin (Barry Norman Osborn)
_direction,in,_label,battled,hours,5,date,12/9/1980
id, 255, name, Countess
id, 1425, name, Whirlwind
_direction,out,_label,battled,hours,4,date,8/21/1987
id, 1243, name, Super-Skrull
id, 1442, name, Wolfpack
_direction,in,_label,battled,hours,7,date,11/4/2012
id, 214, name, Cassandra Nova
id, 485, name, Happy Hogan
_direction,out,_label,battled,hours,2,date,2/27/2000
id, 1230, name, Strong Guy
id, 1081, name, Scarlet Witch (Marvel Heroes)
_direction,bi,_label,worked,hours,2,date,9/14/1999
id, 196, name, Captain Flint
id, 502, name, Hellfire Club
_direction,bi,_label,worked,hours,2,date,4/7/1985
id, 716, name, Lyja
id, 1023, name, Red Skull (Albert Malik)
_direction,in,_label,battled,hours,2,date,7/19/1990
id, 477, name, H.A.M.M.E.R.
id, 193, name, Captain Britain
_direction,out,_label,battled,hours,7,date,9/3/1985
id, 468, name, Grim Reaper
id, 165, name, Bruce Banner
_direction,bi,_label,battled,hours,5,date,4/12/1985
id, 208, name, Carlie Cooper
id, 281, name, Danny Rand
_direction,out,_label,battled,hours,7,date,10/31/1996
id, 270, name, Cyclops (Ultimate)
id, 109, name, Bi-Beast
_direction,in,_label,battled,hours,6,date,6/7/1981
id, 1018, name, Red Hulk
id, 536, name, Human Robot
_direction,in,_label,worked,hours,8,date,12/1/1993
id, 949, name, Phyla-Vell
id, 1320, name, Tiger Shark
_direction,in,_label,worked,hours,1,date,8/7/1994
id, 1082, name, Scarlet Witch (Ultimate)
id, 1322, name, Tigra (Greer Nelson)
_direction,in,_label,worked,hours,1,date,4/22/1984
id, 414, name, Frankenstein's Monster
id, 689, name, Lilith
_direction,bi,_label,worked,hours,7,date,10/30/1994
id, 1401, name, Wallop
id, 1220, name, Steve Rogers
_direction,out,_label,worked,hours,6,date,4/10/2000
id, 412, name, Forgotten One
id, 742, name, Magneto
_direction,in,_label,battled,hours,2,date,5/10/1986
id, 385, name, Falcon
id, 272, name, Cypher
_direction,in,_label,worked,hours,7,date,9/9/1988
id, 735, name, Maestro
id, 284, name, Daredevil (Marvel Heroes)
_direction,in,_label,battled,hours,4,date,9/2/2015
id, 722, name, Ma Gnuci
id, 1445, name, Wolver-dok
_direction,out,_label,battled,hours,1,date,12/14/1987
id, 1163, name, Smiling Tiger
id, 880, name, New Mutants
_direction,in,_label,worked,hours,5,date,2/10/1999
id, 750, name, Makkari
id, 83, name, Baron Strucker
_direction,bi,_label,worked,hours,8,date,3/27/1996
id, 969, name, Professor X
id, 333, name, Domino
_direction,out,_label,battled,hours,6,date,7/7/1988
id, 1171, name, Speed Demon
id, 1097, name, Serpent Society
_direction,bi,_label,worked,hours,3,date,3/4/2006
id, 1182, name, Spider-Man (Ai Apaec)
id, 367, name, Emma Frost
_direction,bi,_label,worked,hours,8,date,7/25/1984
id, 1444, name, Wolfsbane (Age of Apocalypse)
id, 376, name, Eternals
_direction,out,_label,battled,hours,6,date,9/14/1988
id, 431, name, Garrison Kane
id, 1464, name, X-Man
_direction,bi,_label,worked,hours,1,date,4/24/1985
id, 1388, name, Victor Mancha
id, 558, name, Inertia
_direction,bi,_label,worked,hours,7,date,3/7/2008
id, 1121, name, Shen
id, 1267, name, Tempest
_direction,out,_label,battled,hours,3,date,1/23/2002
id, 60, name, Arcade
id, 579, name, Iron Man (Ultimate)
_direction,in,_label,worked,hours,8,date,6/20/2015
id, 1077, name, Scarlet Spider (Ben Reilly)
id, 936, name, Patriot
_direction,bi,_label,worked,hours,7,date,1/20/1981
id, 1300, name, The Watchers
id, 356, name, Edwin Jarvis
_direction,bi,_label,battled,hours,5,date,9/12/1997
id, 108, name, Beyonder
id, 1398, name, Vulture (Adrian Toomes)
_direction,bi,_label,battled,hours,6,date,12/1/2005
id, 595, name, Jane Foster
id, 898, name, Nine-Fold Daughters of Xao
_direction,in,_label,battled,hours,3,date,9/17/1982
id, 136, name, Blazing Skull
id, 599, name, Jean Grey
_direction,out,_label,battled,hours,1,date,5/17/2003
id, 41, name, Amun
id, 160, name, Bromley
_direction,bi,_label,worked,hours,2,date,1/17/1995
id, 1460, name, X-Cutioner
id, 527, name, Hulk (LEGO Marvel Super Heroes)
_direction,out,_label,worked,hours,4,date,7/11/2015
id, 482, name, Hammerhead (Ultimate)
id, 1266, name, Ted Forrester
_direction,bi,_label,worked,hours,5,date,1/20/2007
id, 1480, name, Zeigeist
id, 1076, name, Scarecrow (Ebenezer Laughton)
_direction,bi,_label,worked,hours,6,date,3/12/1999
id, 120, name, Black Crow
id, 210, name, Carnage
_direction,bi,_label,worked,hours,2,date,11/23/1982
id, 673, name, Leader
id, 1441, name, Wolf Cub
_direction,in,_label,worked,hours,5,date,9/19/1994
id, 1092, name, Senator Kelly
id, 1369, name, Valkyrie (Samantha Parrington)
_direction,bi,_label,battled,hours,2,date,11/17/1998
id, 1237, name, Sunfire
id, 867, name, Mystique (House of M)
_direction,out,_label,battled,hours,7,date,8/28/2010
id, 145, name, Blonde Phantom
id, 213, name, Carol Hines
_direction,in,_label,worked,hours,4,date,10/14/2010
id, 583, name, Iron Patriot (James Rhodes)
id, 906, name, Northstar
_direction,in,_label,worked,hours,6,date,3/20/1998
id, 924, name, Orphan
id, 642, name, Kid Colt
_direction,out,_label,battled,hours,2,date,4/12/2011
id, 1483, name, Zombie (Simon Garth)
id, 858, name, MS2
_direction,in,_label,worked,hours,5,date,10/28/1995
id, 795, name, Mephisto
id, 1022, name, Red Skull
_direction,bi,_label,battled,hours,8,date,1/18/2011
id, 1101, name, Shadowcat
id, 929, name, Owl
_direction,bi,_label,worked,hours,4,date,2/3/1989
id, 22, name, Alain
id, 682, name, Lethal Legion
_direction,out,_label,battled,hours,5,date,5/8/2014
id, 335, name, Doomsday Man
id, 794, name, Mentor
_direction,in,_label,battled,hours,2,date,9/28/1984
id, 1006, name, Randall Flagg
id, 421, name, Gabe Jones
_direction,out,_label,battled,hours,2,date,11/8/1985
id, 1400, name, Wallflower
id, 766, name, Martin Li
_direction,in,_label,battled,hours,4,date,5/23/1985
id, 204, name, Captain Universe
id, 565, name, Invisible Woman (Ultimate)
_direction,in,_label,worked,hours,3,date,9/28/1981
id, 943, name, Peter Parker
id, 159, name, Bride of Nine Spiders (Immortal Weapons)
_direction,bi,_label,worked,hours,2,date,9/24/1992
id, 753, name, Man-Thing
id, 1192, name, Spider-Woman (Charlotte Witter)
_direction,bi,_label,worked,hours,7,date,10/21/2006
id, 138, name, Blink
id, 114, name, Bishop (Ultimate)
_direction,bi,_label,battled,hours,7,date,4/20/1996
id, 889, name, Nico Minoru
id, 369, name, Emplate
_direction,out,_label,worked,hours,2,date,1/27/1981
id, 1427, name, White Queen (Adrienne Frost)
id, 1222, name, Stilt-Man (Wibur Day)
_direction,in,_label,worked,hours,1,date,1/5/2005
id, 707, name, Lord Hawal
id, 236, name, Clea
_direction,bi,_label,worked,hours,3,date,3/22/2011
id, 415, name, Franklin Richards
id, 407, name, Foggy Nelson
_direction,bi,_label,worked,hours,5,date,6/14/2002
id, 47, name, Angela (Aldrif Odinsdottir)
id, 328, name, Doctor Octopus (Ultimate)
_direction,in,_label,worked,hours,5,date,1/5/1988
id, 350, name, Dust
id, 259, name, Crimson King
_direction,in,_label,worked,hours,5,date,6/23/2009
id, 824, name, Mojo
id, 1154, name, Skrulls (Ultimate)
_direction,in,_label,worked,hours,7,date,10/4/1987
id, 1017, name, Red Ghost (Ultimate)
id, 719, name, M.O.D.O.G.
_direction,bi,_label,battled,hours,8,date,9/4/2013
id, 493, name, Hate-Monger (Adolf Hitler)
id, 16, name, Agents of Atlas
_direction,in,_label,worked,hours,1,date,10/6/1981
id, 1478, name, Zarda
id, 522, name, Hope Summers
_direction,in,_label,battled,hours,8,date,9/22/1988
id, 1350, name, Uatu The Watcher
id, 1263, name, Tarot
_direction,in,_label,battled,hours,5,date,11/13/2013
id, 65, name, Argent
id, 1068, name, Salo
_direction,out,_label,battled,hours,3,date,11/30/1989
id, 1362, name, Union Jack (Joseph Chapman)
id, 970, name, Professor X (Ultimate)
_direction,out,_label,battled,hours,1,date,11/26/1990
id, 297, name, Dead Girl
id, 895, name, Nighthawk
_direction,out,_label,battled,hours,6,date,1/20/2014
id, 923, name, Ord
id, 1296, name, The Shiver Man
_direction,in,_label,worked,hours,5,date,10/28/1992
id, 1002, name, Rafael Vega
id, 561, name, Ink
_direction,in,_label,worked,hours,7,date,8/14/1987
id, 1383, name, Venom (Ultimate)
id, 938, name, Penance (Robert Baldwin)
_direction,in,_label,battled,hours,1,date,10/12/2002
id, 428, name, Gargoyle
id, 568, name, Iron Fist (Danny Rand)
_direction,bi,_label,worked,hours,3,date,3/4/1988
id, 530, name, Hulk (Ultimate)
id, 1253, name, Sym
_direction,in,_label,worked,hours,8,date,12/15/1981
id, 266, name, Curt Conners
id, 942, name, Pete Wisdom
_direction,bi,_label,worked,hours,6,date,9/15/1993
id, 1378, name, Vector
id, 437, name, Genesis
_direction,out,_label,battled,hours,6,date,8/20/1992
id, 360, name, Elektra
id, 1410, name, Warhawk (Mitchell Tanner)
_direction,bi,_label,worked,hours,6,date,8/29/1983
id, 1351, name, Ulik
id, 173, name, Cable
_direction,bi,_label,worked,hours,3,date,12/2/2015
id, 305, name, Deathlok
id, 251, name, Corsair
_direction,out,_label,battled,hours,8,date,1/2/2014
id, 135, name, Blastaar
id, 1054, name, Roulette
_direction,out,_label,battled,hours,5,date,7/17/2005
id, 644, name, Killmonger
id, 1349, name, U.S. Agent
_direction,in,_label,battled,hours,1,date,6/29/2001
id, 1402, name, Wallow
id, 800, name, Meteorite
_direction,bi,_label,worked,hours,5,date,3/22/2012
id, 896, name, Nightmare
id, 447, name, Giant-Man (Ultimate)
_direction,bi,_label,worked,hours,1,date,10/4/1992
id, 148, name, Bloodstorm
id, 866, name, Mystique (Age of Apocalypse)
_direction,out,_label,worked,hours,3,date,4/16/2006
id, 1174, name, Sphinx (Anath-Na Mut)
id, 1311, name, Thor (Ultimate)
_direction,bi,_label,battled,hours,3,date,1/1/2016
id, 1265, name, Tattoo
id, 1435, name, Wildside
_direction,bi,_label,battled,hours,8,date,5/4/1984
id, 1227, name, Storm (Marvel Heroes)
id, 902, name, Nomad (Rikki Barnes)
_direction,bi,_label,battled,hours,4,date,1/30/2000
id, 1096, name, Ser Duncan
id, 973, name, Proteus (Ultimate)
_direction,in,_label,battled,hours,3,date,10/16/1985
id, 877, name, Nemesis
id, 639, name, Katie Power
_direction,bi,_label,battled,hours,8,date,2/11/2000
id, 1158, name, Sleeper
id, 812, name, Mindworm
_direction,in,_label,worked,hours,7,date,7/1/1997
id, 1028, name, Revanche
id, 1418, name, Weapon Omega
_direction,in,_label,worked,hours,2,date,10/18/2010
id, 55, name, Apocalypse
id, 809, name, Millenium Guard
_direction,out,_label,battled,hours,5,date,6/29/2007
id, 98, name, Beef
id, 533, name, Hulkling
_direction,bi,_label,battled,hours,8,date,10/13/2014
id, 90, name, Batroc the Leaper
id, 168, name, Bug
_direction,out,_label,worked,hours,4,date,11/8/1989
id, 459, name, Grandmaster
id, 1012, name, Reaper
_direction,bi,_label,worked,hours,2,date,7/16/2013
id, 893, name, Nightcrawler
id, 790, name, Meggan
_direction,bi,_label,battled,hours,5,date,10/28/1981
id, 1015, name, Red 9
id, 1194, name, Spider-Woman (Mattie Franklin)
_direction,out,_label,battled,hours,2,date,3/5/2006
id, 221, name, Cerise
id, 1221, name, Stick
_direction,bi,_label,battled,hours,8,date,12/29/1994
id, 1209, name, Stardust
id, 648, name, Kingpin
_direction,out,_label,battled,hours,3,date,7/16/1994
id, 1004, name, Raider
id, 449, name, Git Hoskins
_direction,bi,_label,battled,hours,2,date,10/11/2004
id, 715, name, Luminals
id, 1127, name, Shiver Man
_direction,in,_label,worked,hours,7,date,10/4/1987
id, 960, name, Pretty Boy
id, 289, name, Dark Phoenix
_direction,out,_label,battled,hours,7,date,11/6/1998
id, 1051, name, Romulus
id, 19, name, Ajak
_direction,bi,_label,battled,hours,4,date,10/26/1997
id, 347, name, Dreaming Celestial
id, 417, name, Freak
_direction,out,_label,battled,hours,2,date,7/7/1993
id, 269, name, Cyclops
id, 643, name, Killer Shrike
_direction,out,_label,battled,hours,2,date,6/24/1993
id, 1290, name, The Liberty Legion
id, 1159, name, Sleepwalker
_direction,in,_label,battled,hours,3,date,4/10/1997
id, 917, name, Omega Red
id, 761, name, Marcus Van Sciver
_direction,in,_label,battled,hours,6,date,8/12/2009
id, 438, name, Genis-Vell
id, 974, name, Proudstar
_direction,bi,_label,battled,hours,3,date,9/28/2001
id, 1443, name, Wolfsbane
id, 705, name, Longshot
_direction,out,_label,battled,hours,5,date,11/8/1988
id, 984, name, Puma
id, 61, name, Arcana
_direction,in,_label,battled,hours,1,date,9/3/1993
id, 1408, name, Warbird
id, 548, name, Iceman (Ultimate)
_direction,out,_label,battled,hours,8,date,8/14/1984
id, 751, name, Malcolm Colcord
id, 745, name, Magneto (Ultimate)
_direction,out,_label,worked,hours,4,date,3/18/2008
id, 883, name, Newton Destine
id, 1069, name, Sandman
_direction,out,_label,worked,hours,6,date,9/25/2008
id, 1393, name, Viper
id, 434, name, Geiger
_direction,in,_label,battled,hours,4,date,5/25/2003
id, 1107, name, Shane Yamada-Jones
id, 498, name, Hawkeye (Ultimate)
_direction,bi,_label,worked,hours,3,date,4/14/2011
id, 677, name, Lenny Balinger
id, 34, name, Amadeus Cho
_direction,in,_label,worked,hours,8,date,7/14/1986
id, 465, name, Gressill
id, 864, name, Mysterio (Francis Klum)
_direction,in,_label,worked,hours,1,date,3/15/1991
id, 718, name, M.O.D.A.M.
id, 250, name, Cornelius
_direction,in,_label,battled,hours,2,date,11/6/2005
id, 508, name, Hepzibah
id, 1430, name, Whizzer (Stanley Stewart)
_direction,out,_label,battled,hours,8,date,7/4/1998
id, 1360, name, Unicorn
id, 123, name, Black Panther (Ultimate)
_direction,out,_label,battled,hours,7,date,7/27/2000
id, 147, name, Bloodscream
id, 657, name, Kraven the Hunter
_direction,bi,_label,worked,hours,6,date,5/17/2003
id, 17, name, Aginar
id, 850, name, Mr. Fixit
_direction,bi,_label,battled,hours,5,date,7/29/2001
id, 96, name, Becatron
id, 851, name, Mr. Hyde
_direction,out,_label,worked,hours,4,date,1/1/2003
id, 394, name, Felicia Hardy
id, 209, name, Carmella Unuscione
_direction,in,_label,worked,hours,6,date,5/26/2006
id, 768, name, Marvel Boy
id, 231, name, Chimera
_direction,bi,_label,worked,hours,8,date,1/20/1984
id, 1403, name, War (Abraham Kieros)
id, 995, name, Queen Noir
_direction,in,_label,worked,hours,8,date,11/18/1987
id, 1098, name, Sersi
id, 1129, name, Shockwave
_direction,in,_label,worked,hours,4,date,7/7/1981
id, 736, name, Magdalene
id, 1341, name, Turbo
_direction,out,_label,battled,hours,1,date,10/26/1983
id, 971, name, Proteus
id, 345, name, Drax
_direction,in,_label,battled,hours,1,date,7/22/2008
id, 4, name, Aaron Stack
id, 708, name, Lord Tyger
_direction,out,_label,battled,hours,4,date,11/2/2004
id, 1065, name, Sage
id, 1476, name, Zaladane
_direction,out,_label,battled,hours,7,date,5/31/1989
id, 113, name, Bishop
id, 681, name, Lester
_direction,out,_label,worked,hours,1,date,11/11/1988
id, 1094, name, Sentinels
id, 483, name, Hank Pym
_direction,in,_label,worked,hours,4,date,6/14/1984
id, 1031, name, Richard Fisk
id, 1436, name, William Stryker
_direction,in,_label,battled,hours,3,date,7/16/1994
id, 1382, name, Venom (Mac Gargan)
id, 375, name, Erik the Red
_direction,out,_label,battled,hours,1,date,8/8/1994
id, 1178, name, Spider-Ham (Larval Earth)
id, 777, name, Master Mold
_direction,in,_label,worked,hours,2,date,10/28/2011
id, 340, name, Dormammu (Ultimate)
id, 1433, name, Wild Child (Age of Apocalypse)
_direction,in,_label,battled,hours,6,date,11/4/1997
id, 1446, name, Wolverine
id, 986, name, Punisher (2099)
_direction,bi,_label,battled,hours,6,date,10/25/1990
id, 1288, name, The Leader (HAS)
id, 39, name, Amora
_direction,bi,_label,battled,hours,3,date,11/28/2009
id, 495, name, Hawkeye
id, 1133, name, Sif
_direction,out,_label,battled,hours,2,date,3/15/1980
id, 687, name, Lila Cheney
id, 1358, name, Ultron
_direction,in,_label,battled,hours,6,date,12/19/1987
id, 393, name, Fat Cobra
id, 164, name, Brotherhood of Mutants (Ultimate)
_direction,in,_label,worked,hours,5,date,9/18/1988
id, 380, name, Exodus
id, 822, name, Moira MacTaggert
_direction,out,_label,worked,hours,5,date,4/23/2011
id, 422, name, Galactus
id, 849, name, Mr. Fish
_direction,bi,_label,battled,hours,8,date,5/11/2012
id, 1141, name, Silver Surfer
id, 1223, name, Stingray (Walter Newell)
_direction,out,_label,battled,hours,4,date,7/15/2005
id, 1334, name, Toxin
id, 1027, name, Retro Girl
_direction,in,_label,worked,hours,6,date,6/18/1985
id, 611, name, John Farson
id, 703, name, Loki (LEGO Marvel Super Heroes)
_direction,out,_label,battled,hours,7,date,6/13/2005
id, 958, name, Praxagora
id, 163, name, Brotherhood of Evil Mutants
_direction,in,_label,battled,hours,6,date,11/27/1984
id, 455, name, Golden Guardian
id, 601, name, Jean Grey (Ultimate)
_direction,out,_label,battled,hours,8,date,4/4/2004
id, 40, name, Amphibian (Earth-712)
id, 1431, name, Wiccan
_direction,in,_label,battled,hours,7,date,11/8/1999
id, 996, name, Quentin Quire
id, 733, name, Madrox
_direction,in,_label,worked,hours,4,date,12/9/2009
id, 617, name, Joseph
id, 282, name, Daredevil
_direction,in,_label,worked,hours,3,date,5/24/1982
id, 504, name, Hellion
id, 961, name, Pride
_direction,bi,_label,worked,hours,4,date,6/6/2000
id, 1085, name, Scourge
id, 352, name, Echo
_direction,in,_label,battled,hours,4,date,4/30/1992
id, 194, name, Captain Britain (Ultimate)
id, 1074, name, Sauron
_direction,in,_label,worked,hours,6,date,7/2/1997
id, 1122, name, Sheva Callister
id, 738, name, Magik (Amanda Sefton)
_direction,bi,_label,battled,hours,6,date,8/8/1980
id, 278, name, Dakota North
id, 1254, name, Synch
_direction,bi,_label,battled,hours,8,date,6/11/2005
id, 855, name, Mr. Payback
id, 177, name, Cable (X-Men: Battle of the Atom)
_direction,out,_label,worked,hours,2,date,4/28/2002
id, 46, name, Angel (Warren Worthington III)
id, 1120, name, She-Hulk (Ultimate)
_direction,bi,_label,battled,hours,6,date,10/25/2010
id, 772, name, Mary Jane Watson (House of M)
id, 653, name, Komodo (Melati Kusuma)
_direction,out,_label,worked,hours,7,date,8/22/2006
id, 307, name, Debra Whitman
id, 910, name, Nova (USM)
_direction,out,_label,battled,hours,2,date,8/14/1992
id, 2, name, A-Bomb (HAS)
id, 886, name, Nick Fury
_direction,in,_label,worked,hours,5,date,12/23/2007
id, 1026, name, Reptil
id, 95, name, Beast (Ultimate)
_direction,bi,_label,battled,hours,3,date,11/17/1995
id, 1316, name, Thunderbolt (Bill Carver)
id, 64, name, Ares
_direction,in,_label,battled,hours,6,date,4/27/2013
id, 439, name, George Stacy (Ultimate)
id, 7, name, Absorbing Man
_direction,out,_label,worked,hours,5,date,11/14/2001
id, 1191, name, Spider-Man (Ultimate)
id, 881, name, New Warriors
_direction,bi,_label,worked,hours,1,date,3/28/2006
id, 550, name, Ikaris
id, 652, name, Klaw
_direction,bi,_label,battled,hours,1,date,12/25/1993
id, 218, name, Centennial
id, 398, name, Firebird
_direction,out,_label,battled,hours,5,date,11/14/2010
id, 59, name, Araa
id, 762, name, Maria Hill
_direction,bi,_label,battled,hours,1,date,7/26/2002
id, 1474, name, Young Avengers
id, 457, name, Gorgon
_direction,bi,_label,battled,hours,1,date,2/11/2009
id, 1073, name, Satana
id, 1188, name, Spider-Man (Miles Morales)
_direction,bi,_label,worked,hours,3,date,1/23/1990
id, 76, name, Aurora
id, 1365, name, Unus (Age of Apocalypse)
_direction,in,_label,worked,hours,3,date,1/25/2006
id, 1324, name, Tinkerer
id, 1257, name, Talisman (Elizabeth Twoyoungmen)
_direction,in,_label,worked,hours,8,date,5/29/2004
id, 818, name, Mister Sinister (House of M)
id, 1198, name, Spot
_direction,out,_label,worked,hours,4,date,3/9/2005
id, 77, name, Avalanche
id, 907, name, Nova
_direction,bi,_label,battled,hours,4,date,10/13/1991
id, 153, name, Blur
id, 334, name, Donald Blake
_direction,out,_label,battled,hours,2,date,7/9/2015
id, 1067, name, Sally Floyd
id, 638, name, Kate Bishop
_direction,in,_label,battled,hours,3,date,3/29/2012
id, 254, name, Count Nefaria
id, 418, name, Frightful Four
_direction,bi,_label,battled,hours,2,date,6/19/1991
id, 323, name, Doc Samson
id, 77, name, Avalanche
_direction,out,_label,battled,hours,5,date,3/9/2014